2026-04-08 14:39:16 [INFO    ] easm-aegis: MongoDB connected: mongodb://localhost:27017
2026-04-08 14:39:16 [INFO    ] easm-aegis: Database: easm_db
2026-04-08 14:39:16 [INFO    ] easm-aegis: MongoDB connection is alive
2026-04-08 14:39:16 [DEBUG   ] easm-aegis: targets indexes created
2026-04-08 14:39:16 [DEBUG   ] easm-aegis: subdomains indexes created
2026-04-08 14:39:16 [DEBUG   ] easm-aegis: ports_services indexes created
2026-04-08 14:39:16 [DEBUG   ] easm-aegis: http_assets indexes created
2026-04-08 14:39:16 [DEBUG   ] easm-aegis: vulnerabilities indexes created
2026-04-08 14:39:16 [DEBUG   ] easm-aegis: changes indexes created
2026-04-08 14:39:16 [DEBUG   ] easm-aegis: scan_history indexes created
2026-04-08 14:39:16 [DEBUG   ] easm-aegis: email_exposures indexes created
2026-04-08 14:39:16 [DEBUG   ] easm-aegis: passive_recon indexes created
2026-04-08 14:39:16 [INFO    ] easm-aegis: All 9 collections initialized successfully
2026-04-08 14:39:16 [INFO    ] easm-aegis: Application initialized
2026-04-08 14:39:16 [INFO    ] easm-aegis: Reports directory ready
2026-04-08 14:39:16 [INFO    ] easm-aegis: Starting AEGIS on port 5000 (debug=True)
2026-04-08 14:39:53 [INFO    ] easm-aegis: Added new target: clearstreet.io (id: 69d617dd2217bebfe0855e2e)
2026-04-08 14:39:53 [INFO    ] easm-aegis: Email harvesting thread started for clearstreet.io
2026-04-08 14:39:53 [INFO    ] easm-aegis: Background email harvest started for clearstreet.io
2026-04-08 14:39:53 [INFO    ] easm-aegis: 
============================================================
2026-04-08 14:39:53 [INFO    ] easm-aegis: [EMAIL] Starting email harvest for: clearstreet.io
2026-04-08 14:39:53 [INFO    ] easm-aegis: ============================================================
2026-04-08 14:39:53 [INFO    ] easm-aegis: [EMAIL] Running theHarvester on clearstreet.io...
2026-04-08 14:39:53 [DEBUG   ] easm-aegis: [EMAIL] Running command: C:\Users\thapa\OneDrive\Pictures\EASM AEGIS project\easm code\venv\Scripts\python.exe -m theHarvester.main -d clearstreet.io -b google,bing,linkedin,yahoo,dnsdumpster,threatminer -l 200 -f C:\Users\thapa\OneDrive\Pictures\EASM AEGIS project\easm code\core\..\temp\theharvester_clearstreet.io.json
2026-04-08 14:39:53 [DEBUG   ] easm-aegis: [EMAIL] theHarvester output sample: 
C:\Users\thapa\OneDrive\Pictures\EASM AEGIS project\easm code\venv\Scripts\python.exe: No module named theHarvester.main

2026-04-08 14:39:53 [INFO    ] easm-aegis: [EMAIL] Extracted 0 emails from text output
2026-04-08 14:39:53 [INFO    ] easm-aegis: [EMAIL] theHarvester found 0 emails total
2026-04-08 14:39:53 [INFO    ] easm-aegis: [EMAIL] Querying Hunter.io for clearstreet.io...
2026-04-08 14:39:55 [INFO    ] easm-aegis: ==================================================
2026-04-08 14:39:55 [INFO    ] easm-aegis: Full scan starting for: clearstreet.io (scan_id: 69d617df2217bebfe0855e2f)
2026-04-08 14:39:55 [INFO    ] easm-aegis: ==================================================
2026-04-08 14:39:55 [INFO    ] easm-aegis: ============================================================
2026-04-08 14:39:55 [INFO    ] easm-aegis: Starting full scan — ID: 69d617df2217bebfe0855e2f
2026-04-08 14:39:55 [INFO    ] easm-aegis: Target: clearstreet.io
2026-04-08 14:39:55 [INFO    ] easm-aegis: ============================================================
2026-04-08 14:40:25 [WARNING ] easm-aegis: [EMAIL] Hunter.io HTTP 400
2026-04-08 14:40:25 [INFO    ] easm-aegis: [EMAIL] Querying Phonebook.cz for clearstreet.io...
2026-04-08 14:40:38 [ERROR   ] easm-aegis: Phase 0 failed: name 'logger' is not defined
Traceback (most recent call last):
  File "C:\Users\thapa\OneDrive\Pictures\EASM AEGIS project\easm code\core\scanner.py", line 612, in run_full_scan
    shodan_result = shodan_recon(domain)
  File "C:\Users\thapa\OneDrive\Pictures\EASM AEGIS project\easm code\core\shodan_recon.py", line 490, in run_passive_recon
    sub_result = discover_subdomains(domain)
  File "C:\Users\thapa\OneDrive\Pictures\EASM AEGIS project\easm code\core\shodan_recon.py", line 105, in discover_subdomains
    logger.info("[SHODAN] Discovering subdomains for {domain}...")
    ^^^^^^
NameError: name 'logger' is not defined
2026-04-08 14:40:38 [INFO    ] easm-aegis: [SUBFINDER] Running: C:\Users\thapa\OneDrive\Pictures\EASM AEGIS project\easm code\tools\subfinder.exe -d clearstreet.io -silent -oJ
2026-04-08 14:40:50 [INFO    ] easm-aegis: [CRT.SH] Querying certificate transparency logs for clearstreet.io
2026-04-08 14:41:00 [INFO    ] easm-aegis: [EMAIL] Phonebook.cz found 100 emails
2026-04-08 14:41:00 [INFO    ] easm-aegis: 
[EMAIL] Harvest complete:
2026-04-08 14:41:00 [INFO    ] easm-aegis: [EMAIL] Total unique emails: 100
2026-04-08 14:41:00 [INFO    ] easm-aegis:   [✓] theharvester: 0 emails
2026-04-08 14:41:00 [INFO    ] easm-aegis:   [✗] hunter_io: 0 emails
2026-04-08 14:41:00 [INFO    ] easm-aegis:   [✓] phonebook: 100 emails
2026-04-08 14:41:00 [INFO    ] easm-aegis: [BREACH] Checking 100 emails for breaches...
2026-04-08 14:41:00 [INFO    ] easm-aegis: [BREACH] Checking aanderson@clearstreet.io via IntelX...
2026-04-08 14:41:12 [WARNING ] easm-aegis: [BREACH] IntelX quota exceeded
2026-04-08 14:41:12 [INFO    ] easm-aegis:   [Clean] aanderson@clearstreet.io (via: none)
2026-04-08 14:41:14 [INFO    ] easm-aegis: [BREACH] Checking abenaderet@clearstreet.io via IntelX...
2026-04-08 14:41:25 [WARNING ] easm-aegis: [BREACH] IntelX quota exceeded
2026-04-08 14:41:25 [INFO    ] easm-aegis:   [Clean] abenaderet@clearstreet.io (via: none)
2026-04-08 14:41:27 [INFO    ] easm-aegis: [BREACH] Checking activemarketing@clearstreet.io via IntelX...
2026-04-08 14:41:29 [INFO    ] easm-aegis: [CRT.SH] Found 38 subdomains and 500 unique certificates for clearstreet.io
2026-04-08 14:41:29 [INFO    ] easm-aegis: [SUBFINDER] Found 40 subdomains for clearstreet.io
2026-04-08 14:41:30 [INFO    ] easm-aegis: [SUBFINDER] Saved 500 new and 0 updated certificates for clearstreet.io
2026-04-08 14:41:30 [INFO    ] easm-aegis: Phase 1 complete: 40 subdomains
2026-04-08 14:41:30 [INFO    ] easm-aegis: Passive covered 0 hosts (Shodan: 0, Censys: 0), Naabu scanning 40
2026-04-08 14:41:30 [INFO    ] easm-aegis: Starting port scanning on 40 hosts
2026-04-08 14:41:38 [WARNING ] easm-aegis: [BREACH] IntelX quota exceeded
2026-04-08 14:41:38 [INFO    ] easm-aegis:   [Clean] activemarketing@clearstreet.io (via: none)
2026-04-08 14:41:40 [INFO    ] easm-aegis: [BREACH] Checking adesimone@clearstreet.io via IntelX...
2026-04-08 14:41:51 [WARNING ] easm-aegis: [BREACH] IntelX quota exceeded
2026-04-08 14:41:51 [INFO    ] easm-aegis:   [Clean] adesimone@clearstreet.io (via: none)
2026-04-08 14:41:53 [INFO    ] easm-aegis: [BREACH] Checking agraham@clearstreet.io via IntelX...
2026-04-08 14:42:04 [WARNING ] easm-aegis: [BREACH] IntelX quota exceeded
2026-04-08 14:42:04 [INFO    ] easm-aegis:   [Clean] agraham@clearstreet.io (via: none)
2026-04-08 14:42:06 [INFO    ] easm-aegis: [BREACH] Checking agreenberg@clearstreet.io via IntelX...
2026-04-08 14:42:18 [WARNING ] easm-aegis: [BREACH] IntelX quota exceeded
2026-04-08 14:42:18 [INFO    ] easm-aegis:   [Clean] agreenberg@clearstreet.io (via: none)
2026-04-08 14:42:20 [INFO    ] easm-aegis: [BREACH] Checking aklavens@clearstreet.io via IntelX...
2026-04-08 14:42:31 [WARNING ] easm-aegis: [BREACH] IntelX quota exceeded
2026-04-08 14:42:31 [INFO    ] easm-aegis:   [Clean] aklavens@clearstreet.io (via: none)
2026-04-08 14:42:33 [INFO    ] easm-aegis: [BREACH] Checking andy.juan@clearstreet.io via IntelX...
2026-04-08 14:42:44 [WARNING ] easm-aegis: [BREACH] IntelX quota exceeded
2026-04-08 14:42:44 [INFO    ] easm-aegis:   [Clean] andy.juan@clearstreet.io (via: none)
2026-04-08 14:42:46 [INFO    ] easm-aegis: [BREACH] Checking aschayes@clearstreet.io via IntelX...
2026-04-08 14:42:57 [WARNING ] easm-aegis: [BREACH] IntelX quota exceeded
2026-04-08 14:42:57 [INFO    ] easm-aegis:   [Clean] aschayes@clearstreet.io (via: none)
2026-04-08 14:42:59 [INFO    ] easm-aegis: [BREACH] Checking avolz@clearstreet.io via IntelX...
2026-04-08 14:43:11 [WARNING ] easm-aegis: [BREACH] IntelX quota exceeded
2026-04-08 14:43:11 [INFO    ] easm-aegis:   [Clean] avolz@clearstreet.io (via: none)
2026-04-08 14:43:13 [INFO    ] easm-aegis: [BREACH] Checking aytan@clearstreet.io via IntelX...
2026-04-08 14:43:24 [WARNING ] easm-aegis: [BREACH] IntelX quota exceeded
2026-04-08 14:43:24 [INFO    ] easm-aegis:   [Clean] aytan@clearstreet.io (via: none)
2026-04-08 14:43:26 [INFO    ] easm-aegis: [BREACH] Checking bbaker@clearstreet.io via IntelX...
2026-04-08 14:43:37 [WARNING ] easm-aegis: [BREACH] IntelX quota exceeded
2026-04-08 14:43:37 [INFO    ] easm-aegis:   [Clean] bbaker@clearstreet.io (via: none)
2026-04-08 14:43:39 [INFO    ] easm-aegis: [BREACH] Checking bflorez@clearstreet.io via IntelX...
2026-04-08 14:43:50 [WARNING ] easm-aegis: [BREACH] IntelX quota exceeded
2026-04-08 14:43:50 [INFO    ] easm-aegis:   [Clean] bflorez@clearstreet.io (via: none)
2026-04-08 14:43:52 [INFO    ] easm-aegis: [BREACH] Checking bfranson@clearstreet.io via IntelX...
2026-04-08 14:44:03 [WARNING ] easm-aegis: [BREACH] IntelX quota exceeded
2026-04-08 14:44:03 [INFO    ] easm-aegis:   [Clean] bfranson@clearstreet.io (via: none)
2026-04-08 14:44:05 [INFO    ] easm-aegis: [BREACH] Checking blayne.ross@clearstreet.io via IntelX...
2026-04-08 14:44:17 [WARNING ] easm-aegis: [BREACH] IntelX quota exceeded
2026-04-08 14:44:17 [INFO    ] easm-aegis:   [Clean] blayne.ross@clearstreet.io (via: none)
2026-04-08 14:44:19 [INFO    ] easm-aegis: [BREACH] Checking boliveira@clearstreet.io via IntelX...
2026-04-08 14:44:30 [WARNING ] easm-aegis: [BREACH] IntelX quota exceeded
2026-04-08 14:44:30 [INFO    ] easm-aegis:   [Clean] boliveira@clearstreet.io (via: none)
2026-04-08 14:44:32 [INFO    ] easm-aegis: [BREACH] Checking brodsky.j@clearstreet.io via IntelX...
2026-04-08 14:44:43 [WARNING ] easm-aegis: [BREACH] IntelX quota exceeded
2026-04-08 14:44:43 [INFO    ] easm-aegis:   [Clean] brodsky.j@clearstreet.io (via: none)
2026-04-08 14:44:45 [INFO    ] easm-aegis: [BREACH] Checking brodsky.jordan@clearstreet.io via IntelX...
2026-04-08 14:44:57 [WARNING ] easm-aegis: [BREACH] IntelX quota exceeded
2026-04-08 14:44:57 [INFO    ] easm-aegis:   [Clean] brodsky.jordan@clearstreet.io (via: none)
2026-04-08 14:44:59 [INFO    ] easm-aegis: [BREACH] Checking bross@clearstreet.io via IntelX...
2026-04-08 14:45:10 [WARNING ] easm-aegis: [BREACH] IntelX quota exceeded
2026-04-08 14:45:10 [INFO    ] easm-aegis:   [Clean] bross@clearstreet.io (via: none)
2026-04-08 14:45:12 [INFO    ] easm-aegis: Found 86 open ports
2026-04-08 14:45:12 [INFO    ] easm-aegis: [BREACH] Checking bryan.y@clearstreet.io via IntelX...
2026-04-08 14:45:12 [INFO    ] easm-aegis: Phase 2 complete: 86 ports (Passive: 0 hosts, Naabu: 40 hosts)
2026-04-08 14:45:12 [INFO    ] easm-aegis: [HTTPX] Starting HTTP probing on 40 hosts
2026-04-08 14:45:23 [WARNING ] easm-aegis: [BREACH] IntelX quota exceeded
2026-04-08 14:45:23 [INFO    ] easm-aegis:   [Clean] bryan.y@clearstreet.io (via: none)
2026-04-08 14:45:25 [INFO    ] easm-aegis: [BREACH] Checking callemang@clearstreet.io via IntelX...
2026-04-08 14:45:34 [INFO    ] easm-aegis: [HTTPX] Found 31 HTTP assets
2026-04-08 14:45:34 [INFO    ] easm-aegis: Phase 3 complete: 31 HTTP assets
2026-04-08 14:45:34 [INFO    ] easm-aegis: ============================================================
2026-04-08 14:45:34 [INFO    ] easm-aegis: INTELLIGENT SCAN PLAN v2:
2026-04-08 14:45:34 [INFO    ] easm-aegis:   Tier 1A: 0 CVE verifications across 0 hosts
2026-04-08 14:45:34 [INFO    ] easm-aegis:   Tier 1B: 2 tech-targeted hosts
2026-04-08 14:45:34 [INFO    ] easm-aegis:   Tier 2A: 0 port-informed hosts
2026-04-08 14:45:34 [INFO    ] easm-aegis:   Tier 2B: 9 header-mined hosts
2026-04-08 14:45:34 [INFO    ] easm-aegis:   Tier 2C: 32 catch-all web hosts (critical+high only)
2026-04-08 14:45:34 [INFO    ] easm-aegis:   Tier 2C-NET: 8 non-web hosts (network templates only)
2026-04-08 14:45:34 [INFO    ] easm-aegis:   Shodan CVEs: 0 total, 0 with templates, 0 without
2026-04-08 14:45:34 [INFO    ] easm-aegis: ============================================================
2026-04-08 14:45:34 [INFO    ] easm-aegis:   Tier 1B: 2 hosts with tags [nodejs]
2026-04-08 14:45:34 [INFO    ] easm-aegis: ==================================================
2026-04-08 14:45:34 [INFO    ] easm-aegis: Nuclei scan starting [tech-targeted (tags: nodejs)]
2026-04-08 14:45:34 [INFO    ] easm-aegis: Targets: 2 | Severity: critical,high,medium,low | Concurrency: 25 | Timeout: 600s
2026-04-08 14:45:34 [DEBUG   ] easm-aegis: Targets written to: C:\Users\thapa\AppData\Local\Temp\nuclei_targets__3_ukfxu.txt (2 URLs)
2026-04-08 14:45:34 [INFO    ] easm-aegis:   Using tech tags: nodejs
2026-04-08 14:45:34 [INFO    ] easm-aegis: Nuclei scan running...
2026-04-08 14:45:34 [INFO    ] easm-aegis: [NUCLEI] Starting: nuclei.exe
2026-04-08 14:45:34 [INFO    ] easm-aegis: [NUCLEI] Timeout: 600 seconds
2026-04-08 14:45:37 [WARNING ] easm-aegis: [BREACH] IntelX quota exceeded
2026-04-08 14:45:37 [INFO    ] easm-aegis:   [Clean] callemang@clearstreet.io (via: none)
2026-04-08 14:45:39 [INFO    ] easm-aegis: [BREACH] Checking carden@clearstreet.io via IntelX...
2026-04-08 14:45:46 [DEBUG   ] easm-aegis: [NUCLEI] {"duration":"0:00:05","errors":"0","hosts":"2","matched":"0","percent":"100","requests":"24","rps":"4","startedAt":"2026-04-08T14:45:40.9385136+05:45","templates":"10","total":"24"}
2026-04-08 14:45:49 [DEBUG   ] easm-aegis: [NUCLEI] {"duration":"0:00:09","errors":"0","hosts":"2","matched":"0","percent":"100","requests":"24","rps":"2","startedAt":"2026-04-08T14:45:40.9385136+05:45","templates":"10","total":"24"}
2026-04-08 14:45:49 [DEBUG   ] easm-aegis: [NUCLEI] {"duration":"0:00:09","errors":"0","hosts":"2","matched":"0","percent":"100","requests":"24","rps":"2","startedAt":"2026-04-08T14:45:40.9385136+05:45","templates":"10","total":"24"}
2026-04-08 14:45:49 [INFO    ] easm-aegis: [NUCLEI] Completed (exit code: 0)
2026-04-08 14:45:49 [DEBUG   ] easm-aegis: Raw output: 0 bytes, 0 lines
2026-04-08 14:45:49 [INFO    ] easm-aegis: Nuclei scan complete [tech-targeted (tags: nodejs)]: 0 vulnerabilities
2026-04-08 14:45:49 [INFO    ] easm-aegis: Breakdown: Critical=0, High=0, Medium=0, Low=0, Info=0
2026-04-08 14:45:49 [INFO    ] easm-aegis:   Tier 2B: 7 hosts with tags [cloudflare]
2026-04-08 14:45:49 [INFO    ] easm-aegis: ==================================================
2026-04-08 14:45:49 [INFO    ] easm-aegis: Nuclei scan starting [tech-targeted (tags: cloudflare)]
2026-04-08 14:45:49 [INFO    ] easm-aegis: Targets: 11 | Severity: critical,high,medium,low | Concurrency: 25 | Timeout: 600s
2026-04-08 14:45:49 [DEBUG   ] easm-aegis: Targets written to: C:\Users\thapa\AppData\Local\Temp\nuclei_targets_fv1tll36.txt (11 URLs)
2026-04-08 14:45:49 [INFO    ] easm-aegis:   Using tech tags: cloudflare
2026-04-08 14:45:49 [INFO    ] easm-aegis: Nuclei scan running...
2026-04-08 14:45:49 [INFO    ] easm-aegis: [NUCLEI] Starting: nuclei.exe
2026-04-08 14:45:49 [INFO    ] easm-aegis: [NUCLEI] Timeout: 600 seconds
2026-04-08 14:45:50 [WARNING ] easm-aegis: [BREACH] IntelX quota exceeded
2026-04-08 14:45:50 [INFO    ] easm-aegis:   [Clean] carden@clearstreet.io (via: none)
2026-04-08 14:45:52 [INFO    ] easm-aegis: [BREACH] Checking careers@clearstreet.io via IntelX...
2026-04-08 14:45:55 [DEBUG   ] easm-aegis: [NUCLEI] {"duration":"0:00:03","errors":"0","hosts":"11","matched":"0","percent":"100","requests":"22","rps":"7","startedAt":"2026-04-08T14:45:53.0288141+05:45","templates":"2","total":"22"}
2026-04-08 14:45:55 [DEBUG   ] easm-aegis: [NUCLEI] {"duration":"0:00:03","errors":"0","hosts":"11","matched":"0","percent":"100","requests":"22","rps":"7","startedAt":"2026-04-08T14:45:53.0288141+05:45","templates":"2","total":"22"}
2026-04-08 14:45:55 [INFO    ] easm-aegis: [NUCLEI] Completed (exit code: 0)
2026-04-08 14:45:55 [DEBUG   ] easm-aegis: Raw output: 0 bytes, 0 lines
2026-04-08 14:45:55 [INFO    ] easm-aegis: Nuclei scan complete [tech-targeted (tags: cloudflare)]: 0 vulnerabilities
2026-04-08 14:45:55 [INFO    ] easm-aegis: Breakdown: Critical=0, High=0, Medium=0, Low=0, Info=0
2026-04-08 14:45:55 [INFO    ] easm-aegis:   Tier 2B: 1 hosts with tags [caddy,default-login]
2026-04-08 14:45:55 [INFO    ] easm-aegis: ==================================================
2026-04-08 14:45:55 [INFO    ] easm-aegis: Nuclei scan starting [tech-targeted (tags: caddy,default-login)]
2026-04-08 14:45:55 [INFO    ] easm-aegis: Targets: 1 | Severity: critical,high,medium,low | Concurrency: 25 | Timeout: 600s
2026-04-08 14:45:55 [DEBUG   ] easm-aegis: Targets written to: C:\Users\thapa\AppData\Local\Temp\nuclei_targets_z5ed8fh1.txt (1 URLs)
2026-04-08 14:45:55 [INFO    ] easm-aegis:   Using tech tags: caddy,default-login
2026-04-08 14:45:55 [INFO    ] easm-aegis: Nuclei scan running...
2026-04-08 14:45:55 [INFO    ] easm-aegis: [NUCLEI] Starting: nuclei.exe
2026-04-08 14:45:55 [INFO    ] easm-aegis: [NUCLEI] Timeout: 600 seconds
2026-04-08 14:46:03 [DEBUG   ] easm-aegis: [NUCLEI] {"duration":"0:00:05","errors":"0","hosts":"1","matched":"0","percent":"20","requests":"221","rps":"42","startedAt":"2026-04-08T14:45:57.8708538+05:45","templates":"312","total":"1105"}
2026-04-08 14:46:03 [WARNING ] easm-aegis: [BREACH] IntelX quota exceeded
2026-04-08 14:46:03 [INFO    ] easm-aegis:   [Clean] careers@clearstreet.io (via: none)
2026-04-08 14:46:05 [INFO    ] easm-aegis: [BREACH] Checking carmen@clearstreet.io via IntelX...
2026-04-08 14:46:08 [DEBUG   ] easm-aegis: [NUCLEI] {"duration":"0:00:10","errors":"0","hosts":"1","matched":"0","percent":"66","requests":"736","rps":"71","startedAt":"2026-04-08T14:45:57.8708538+05:45","templates":"312","total":"1105"}
2026-04-08 14:46:13 [DEBUG   ] easm-aegis: [NUCLEI] {"duration":"0:00:15","errors":"0","hosts":"1","matched":"0","percent":"94","requests":"1048","rps":"68","startedAt":"2026-04-08T14:45:57.8708538+05:45","templates":"312","total":"1105"}
2026-04-08 14:46:17 [WARNING ] easm-aegis: [BREACH] IntelX quota exceeded
2026-04-08 14:46:17 [INFO    ] easm-aegis:   [Clean] carmen@clearstreet.io (via: none)
2026-04-08 14:46:18 [DEBUG   ] easm-aegis: [NUCLEI] {"duration":"0:00:20","errors":"0","hosts":"1","matched":"0","percent":"96","requests":"1071","rps":"52","startedAt":"2026-04-08T14:45:57.8708538+05:45","templates":"312","total":"1105"}
2026-04-08 14:46:19 [INFO    ] easm-aegis: [BREACH] Checking chris.pento@clearstreet.io via IntelX...
2026-04-08 14:46:19 [DEBUG   ] easm-aegis: [NUCLEI] {"duration":"0:00:22","errors":"26","hosts":"1","matched":"0","percent":"99","requests":"1097","rps":"50","startedAt":"2026-04-08T14:45:57.8708538+05:45","templates":"312","total":"1105"}
2026-04-08 14:46:19 [DEBUG   ] easm-aegis: [NUCLEI] {"duration":"0:00:22","errors":"26","hosts":"1","matched":"0","percent":"99","requests":"1097","rps":"50","startedAt":"2026-04-08T14:45:57.8708538+05:45","templates":"312","total":"1105"}
2026-04-08 14:46:19 [INFO    ] easm-aegis: [NUCLEI] Completed (exit code: 0)
2026-04-08 14:46:19 [DEBUG   ] easm-aegis: Raw output: 0 bytes, 0 lines
2026-04-08 14:46:19 [INFO    ] easm-aegis: Nuclei scan complete [tech-targeted (tags: caddy,default-login)]: 0 vulnerabilities
2026-04-08 14:46:19 [INFO    ] easm-aegis: Breakdown: Critical=0, High=0, Medium=0, Low=0, Info=0
2026-04-08 14:46:19 [INFO    ] easm-aegis:   Tier 2B: 1 hosts with tags [default-login,login]
2026-04-08 14:46:19 [INFO    ] easm-aegis: ==================================================
2026-04-08 14:46:19 [INFO    ] easm-aegis: Nuclei scan starting [tech-targeted (tags: default-login,login)]
2026-04-08 14:46:19 [INFO    ] easm-aegis: Targets: 1 | Severity: critical,high,medium,low | Concurrency: 25 | Timeout: 600s
2026-04-08 14:46:19 [DEBUG   ] easm-aegis: Targets written to: C:\Users\thapa\AppData\Local\Temp\nuclei_targets_bvz280sl.txt (1 URLs)
2026-04-08 14:46:19 [INFO    ] easm-aegis:   Using tech tags: default-login,login
2026-04-08 14:46:19 [INFO    ] easm-aegis: Nuclei scan running...
2026-04-08 14:46:19 [INFO    ] easm-aegis: [NUCLEI] Starting: nuclei.exe
2026-04-08 14:46:19 [INFO    ] easm-aegis: [NUCLEI] Timeout: 600 seconds
2026-04-08 14:46:26 [DEBUG   ] easm-aegis: [NUCLEI] {"duration":"0:00:05","errors":"2","hosts":"1","matched":"0","percent":"49","requests":"654","rps":"124","startedAt":"2026-04-08T14:46:21.1138819+05:45","templates":"316","total":"1312"}
2026-04-08 14:46:30 [WARNING ] easm-aegis: [BREACH] IntelX quota exceeded
2026-04-08 14:46:30 [INFO    ] easm-aegis:   [Clean] chris.pento@clearstreet.io (via: none)
2026-04-08 14:46:31 [DEBUG   ] easm-aegis: [NUCLEI] {"duration":"0:00:10","errors":"42","hosts":"1","matched":"0","percent":"81","requests":"1070","rps":"104","startedAt":"2026-04-08T14:46:21.1138819+05:45","templates":"316","total":"1312"}
2026-04-08 14:46:32 [INFO    ] easm-aegis: [BREACH] Checking chris@clearstreet.io via IntelX...
2026-04-08 14:46:36 [DEBUG   ] easm-aegis: [NUCLEI] {"duration":"0:00:15","errors":"72","hosts":"1","matched":"0","percent":"94","requests":"1235","rps":"80","startedAt":"2026-04-08T14:46:21.1138819+05:45","templates":"316","total":"1312"}
2026-04-08 14:46:41 [DEBUG   ] easm-aegis: [NUCLEI] {"duration":"0:00:20","errors":"96","hosts":"1","matched":"0","percent":"96","requests":"1269","rps":"62","startedAt":"2026-04-08T14:46:21.1138819+05:45","templates":"316","total":"1312"}
2026-04-08 14:46:43 [WARNING ] easm-aegis: [BREACH] IntelX quota exceeded
2026-04-08 14:46:43 [INFO    ] easm-aegis:   [Clean] chris@clearstreet.io (via: none)
2026-04-08 14:46:45 [INFO    ] easm-aegis: [BREACH] Checking compliancecanada@clearstreet.io via IntelX...
2026-04-08 14:46:46 [DEBUG   ] easm-aegis: [NUCLEI] {"duration":"0:00:25","errors":"104","hosts":"1","matched":"0","percent":"97","requests":"1273","rps":"50","startedAt":"2026-04-08T14:46:21.1138819+05:45","templates":"316","total":"1312"}
2026-04-08 14:46:51 [DEBUG   ] easm-aegis: [NUCLEI] {"duration":"0:00:30","errors":"134","hosts":"1","matched":"0","percent":"99","requests":"1301","rps":"43","startedAt":"2026-04-08T14:46:21.1138819+05:45","templates":"316","total":"1312"}
2026-04-08 14:46:56 [DEBUG   ] easm-aegis: [NUCLEI] {"duration":"0:00:35","errors":"136","hosts":"1","matched":"0","percent":"99","requests":"1302","rps":"36","startedAt":"2026-04-08T14:46:21.1138819+05:45","templates":"316","total":"1312"}
2026-04-08 14:46:56 [WARNING ] easm-aegis: [BREACH] IntelX quota exceeded
2026-04-08 14:46:56 [INFO    ] easm-aegis:   [Clean] compliancecanada@clearstreet.io (via: none)
2026-04-08 14:46:58 [INFO    ] easm-aegis: [BREACH] Checking corporateaccess@clearstreet.io via IntelX...
2026-04-08 14:47:01 [DEBUG   ] easm-aegis: [NUCLEI] {"duration":"0:00:40","errors":"138","hosts":"1","matched":"0","percent":"99","requests":"1303","rps":"32","startedAt":"2026-04-08T14:46:21.1138819+05:45","templates":"316","total":"1312"}
2026-04-08 14:47:02 [DEBUG   ] easm-aegis: [NUCLEI] {"duration":"0:00:41","errors":"140","hosts":"1","matched":"0","percent":"99","requests":"1304","rps":"31","startedAt":"2026-04-08T14:46:21.1138819+05:45","templates":"316","total":"1312"}
2026-04-08 14:47:02 [DEBUG   ] easm-aegis: [NUCLEI] {"duration":"0:00:41","errors":"140","hosts":"1","matched":"0","percent":"99","requests":"1304","rps":"31","startedAt":"2026-04-08T14:46:21.1138819+05:45","templates":"316","total":"1312"}
2026-04-08 14:47:02 [INFO    ] easm-aegis: [NUCLEI] Completed (exit code: 0)
2026-04-08 14:47:02 [DEBUG   ] easm-aegis: Raw output: 0 bytes, 0 lines
2026-04-08 14:47:02 [INFO    ] easm-aegis: Nuclei scan complete [tech-targeted (tags: default-login,login)]: 0 vulnerabilities
2026-04-08 14:47:02 [INFO    ] easm-aegis: Breakdown: Critical=0, High=0, Medium=0, Low=0, Info=0
2026-04-08 14:47:02 [INFO    ] easm-aegis:   Tier 2C: 32 targets
2026-04-08 14:47:02 [INFO    ] easm-aegis: ==================================================
2026-04-08 14:47:02 [INFO    ] easm-aegis: Nuclei scan starting [broad (all)]
2026-04-08 14:47:02 [INFO    ] easm-aegis: Targets: 32 | Severity: critical,high | Concurrency: 25 | Timeout: 600s
2026-04-08 14:47:02 [DEBUG   ] easm-aegis: Targets written to: C:\Users\thapa\AppData\Local\Temp\nuclei_targets_pv0f2x3b.txt (64 URLs)
2026-04-08 14:47:02 [INFO    ] easm-aegis: Nuclei scan running...
2026-04-08 14:47:02 [INFO    ] easm-aegis: [NUCLEI] Starting: nuclei.exe
2026-04-08 14:47:02 [INFO    ] easm-aegis: [NUCLEI] Timeout: 600 seconds
2026-04-08 14:47:10 [WARNING ] easm-aegis: [BREACH] IntelX quota exceeded
2026-04-08 14:47:10 [INFO    ] easm-aegis:   [Clean] corporateaccess@clearstreet.io (via: none)
2026-04-08 14:47:12 [INFO    ] easm-aegis: [BREACH] Checking cpento@clearstreet.io via IntelX...
2026-04-08 14:47:17 [DEBUG   ] easm-aegis: [NUCLEI] {"duration":"0:00:05","errors":"0","hosts":"64","matched":"0","percent":"0","requests":"862","rps":"164","startedAt":"2026-04-08T14:47:12.4399344+05:45","templates":"3915","total":"546560"}
2026-04-08 14:47:22 [DEBUG   ] easm-aegis: [NUCLEI] {"duration":"0:00:10","errors":"2","hosts":"64","matched":"0","percent":"0","requests":"1614","rps":"157","startedAt":"2026-04-08T14:47:12.4399344+05:45","templates":"3915","total":"546560"}
2026-04-08 14:47:24 [WARNING ] easm-aegis: [BREACH] IntelX quota exceeded
2026-04-08 14:47:24 [INFO    ] easm-aegis:   [Clean] cpento@clearstreet.io (via: none)
2026-04-08 14:47:26 [INFO    ] easm-aegis: [BREACH] Checking cross@clearstreet.io via IntelX...
2026-04-08 14:47:27 [DEBUG   ] easm-aegis: [NUCLEI] {"duration":"0:00:15","errors":"46","hosts":"64","matched":"0","percent":"0","requests":"2601","rps":"170","startedAt":"2026-04-08T14:47:12.4399344+05:45","templates":"3915","total":"546560"}
2026-04-08 14:47:32 [DEBUG   ] easm-aegis: [NUCLEI] {"duration":"0:00:20","errors":"66","hosts":"64","matched":"0","percent":"0","requests":"2946","rps":"145","startedAt":"2026-04-08T14:47:12.4399344+05:45","templates":"3915","total":"546560"}
2026-04-08 14:47:37 [WARNING ] easm-aegis: [BREACH] IntelX quota exceeded
2026-04-08 14:47:37 [INFO    ] easm-aegis:   [Clean] cross@clearstreet.io (via: none)
2026-04-08 14:47:37 [DEBUG   ] easm-aegis: [NUCLEI] {"duration":"0:00:25","errors":"106","hosts":"64","matched":"0","percent":"0","requests":"3225","rps":"127","startedAt":"2026-04-08T14:47:12.4399344+05:45","templates":"3915","total":"546560"}
2026-04-08 14:47:39 [INFO    ] easm-aegis: [BREACH] Checking cscompliance@clearstreet.io via IntelX...
2026-04-08 14:47:42 [DEBUG   ] easm-aegis: [NUCLEI] {"duration":"0:00:30","errors":"142","hosts":"64","matched":"0","percent":"0","requests":"4137","rps":"136","startedAt":"2026-04-08T14:47:12.4399344+05:45","templates":"3915","total":"546560"}
2026-04-08 14:47:47 [DEBUG   ] easm-aegis: [NUCLEI] {"duration":"0:00:35","errors":"167","hosts":"64","matched":"0","percent":"0","requests":"4744","rps":"134","startedAt":"2026-04-08T14:47:12.4399344+05:45","templates":"3915","total":"546560"}
2026-04-08 14:47:50 [WARNING ] easm-aegis: [BREACH] IntelX quota exceeded
2026-04-08 14:47:50 [INFO    ] easm-aegis:   [Clean] cscompliance@clearstreet.io (via: none)
2026-04-08 14:47:52 [DEBUG   ] easm-aegis: [NUCLEI] {"duration":"0:00:40","errors":"204","hosts":"64","matched":"0","percent":"1","requests":"5557","rps":"138","startedAt":"2026-04-08T14:47:12.4399344+05:45","templates":"3915","total":"546560"}
2026-04-08 14:47:52 [INFO    ] easm-aegis: [BREACH] Checking dalf.hammerich@clearstreet.io via IntelX...
2026-04-08 14:47:57 [DEBUG   ] easm-aegis: [NUCLEI] {"duration":"0:00:45","errors":"224","hosts":"64","matched":"0","percent":"1","requests":"6537","rps":"144","startedAt":"2026-04-08T14:47:12.4399344+05:45","templates":"3915","total":"546560"}
2026-04-08 14:48:02 [DEBUG   ] easm-aegis: [NUCLEI] {"duration":"0:00:50","errors":"260","hosts":"64","matched":"0","percent":"1","requests":"7350","rps":"146","startedAt":"2026-04-08T14:47:12.4399344+05:45","templates":"3915","total":"546560"}
2026-04-08 14:48:04 [WARNING ] easm-aegis: [BREACH] IntelX quota exceeded
2026-04-08 14:48:04 [INFO    ] easm-aegis:   [Clean] dalf.hammerich@clearstreet.io (via: none)
2026-04-08 14:48:06 [INFO    ] easm-aegis: [BREACH] Checking dbaskerville@clearstreet.io via IntelX...
2026-04-08 14:48:07 [DEBUG   ] easm-aegis: [NUCLEI] {"duration":"0:00:55","errors":"304","hosts":"64","matched":"0","percent":"1","requests":"7983","rps":"144","startedAt":"2026-04-08T14:47:12.4399344+05:45","templates":"3915","total":"546560"}
2026-04-08 14:48:12 [DEBUG   ] easm-aegis: [NUCLEI] {"duration":"0:01:00","errors":"344","hosts":"64","matched":"0","percent":"1","requests":"8786","rps":"145","startedAt":"2026-04-08T14:47:12.4399344+05:45","templates":"3915","total":"546560"}
2026-04-08 14:48:17 [WARNING ] easm-aegis: [BREACH] IntelX quota exceeded
2026-04-08 14:48:17 [INFO    ] easm-aegis:   [Clean] dbaskerville@clearstreet.io (via: none)
2026-04-08 14:48:17 [DEBUG   ] easm-aegis: [NUCLEI] {"duration":"0:01:05","errors":"378","hosts":"64","matched":"0","percent":"1","requests":"9674","rps":"148","startedAt":"2026-04-08T14:47:12.4399344+05:45","templates":"3915","total":"546560"}
2026-04-08 14:48:19 [INFO    ] easm-aegis: [BREACH] Checking ddiaz@clearstreet.io via IntelX...
2026-04-08 14:48:22 [DEBUG   ] easm-aegis: [NUCLEI] {"duration":"0:01:10","errors":"402","hosts":"64","matched":"0","percent":"1","requests":"10438","rps":"148","startedAt":"2026-04-08T14:47:12.4399344+05:45","templates":"3915","total":"546560"}
2026-04-08 14:48:27 [DEBUG   ] easm-aegis: [NUCLEI] {"duration":"0:01:15","errors":"450","hosts":"64","matched":"0","percent":"2","requests":"11130","rps":"147","startedAt":"2026-04-08T14:47:12.4399344+05:45","templates":"3915","total":"546560"}
2026-04-08 14:48:30 [WARNING ] easm-aegis: [BREACH] IntelX quota exceeded
2026-04-08 14:48:30 [INFO    ] easm-aegis:   [Clean] ddiaz@clearstreet.io (via: none)
2026-04-08 14:48:32 [DEBUG   ] easm-aegis: [NUCLEI] {"duration":"0:01:20","errors":"492","hosts":"64","matched":"0","percent":"2","requests":"11749","rps":"146","startedAt":"2026-04-08T14:47:12.4399344+05:45","templates":"3915","total":"546560"}
2026-04-08 14:48:32 [INFO    ] easm-aegis: [BREACH] Checking ddunne@clearstreet.io via IntelX...
2026-04-08 14:48:37 [DEBUG   ] easm-aegis: [NUCLEI] {"duration":"0:01:25","errors":"528","hosts":"64","matched":"0","percent":"2","requests":"12820","rps":"150","startedAt":"2026-04-08T14:47:12.4399344+05:45","templates":"3915","total":"546560"}
2026-04-08 14:48:42 [DEBUG   ] easm-aegis: [NUCLEI] {"duration":"0:01:30","errors":"562","hosts":"64","matched":"0","percent":"2","requests":"13174","rps":"145","startedAt":"2026-04-08T14:47:12.4399344+05:45","templates":"3915","total":"546560"}
2026-04-08 14:48:44 [WARNING ] easm-aegis: [BREACH] IntelX quota exceeded
2026-04-08 14:48:44 [INFO    ] easm-aegis:   [Clean] ddunne@clearstreet.io (via: none)
2026-04-08 14:48:46 [INFO    ] easm-aegis: [BREACH] Checking dean.potashner@clearstreet.io via IntelX...
2026-04-08 14:48:47 [DEBUG   ] easm-aegis: [NUCLEI] {"duration":"0:01:35","errors":"601","hosts":"64","matched":"0","percent":"2","requests":"13655","rps":"143","startedAt":"2026-04-08T14:47:12.4399344+05:45","templates":"3915","total":"546560"}
2026-04-08 14:48:52 [DEBUG   ] easm-aegis: [NUCLEI] {"duration":"0:01:40","errors":"640","hosts":"64","matched":"0","percent":"2","requests":"14140","rps":"141","startedAt":"2026-04-08T14:47:12.4399344+05:45","templates":"3915","total":"546560"}
2026-04-08 14:48:57 [WARNING ] easm-aegis: [BREACH] IntelX quota exceeded
2026-04-08 14:48:57 [INFO    ] easm-aegis:   [Clean] dean.potashner@clearstreet.io (via: none)
2026-04-08 14:48:57 [DEBUG   ] easm-aegis: [NUCLEI] {"duration":"0:01:45","errors":"691","hosts":"64","matched":"0","percent":"2","requests":"14646","rps":"139","startedAt":"2026-04-08T14:47:12.4399344+05:45","templates":"3915","total":"546560"}
2026-04-08 14:48:59 [INFO    ] easm-aegis: [BREACH] Checking derivatives@clearstreet.io via IntelX...
2026-04-08 14:49:02 [DEBUG   ] easm-aegis: [NUCLEI] {"duration":"0:01:50","errors":"728","hosts":"64","matched":"0","percent":"2","requests":"15439","rps":"140","startedAt":"2026-04-08T14:47:12.4399344+05:45","templates":"3915","total":"546560"}
2026-04-08 14:49:07 [DEBUG   ] easm-aegis: [NUCLEI] {"duration":"0:01:55","errors":"783","hosts":"64","matched":"0","percent":"2","requests":"15827","rps":"137","startedAt":"2026-04-08T14:47:12.4399344+05:45","templates":"3915","total":"546560"}
2026-04-08 14:49:10 [WARNING ] easm-aegis: [BREACH] IntelX quota exceeded
2026-04-08 14:49:10 [INFO    ] easm-aegis:   [Clean] derivatives@clearstreet.io (via: none)
2026-04-08 14:49:12 [INFO    ] easm-aegis: [BREACH] Checking dfujita@clearstreet.io via IntelX...
2026-04-08 14:49:12 [DEBUG   ] easm-aegis: [NUCLEI] {"duration":"0:02:00","errors":"822","hosts":"64","matched":"0","percent":"3","requests":"16583","rps":"137","startedAt":"2026-04-08T14:47:12.4399344+05:45","templates":"3915","total":"546560"}
2026-04-08 14:49:17 [DEBUG   ] easm-aegis: [NUCLEI] {"duration":"0:02:05","errors":"875","hosts":"64","matched":"0","percent":"3","requests":"17353","rps":"138","startedAt":"2026-04-08T14:47:12.4399344+05:45","templates":"3915","total":"546560"}
2026-04-08 14:49:22 [DEBUG   ] easm-aegis: [NUCLEI] {"duration":"0:02:10","errors":"916","hosts":"64","matched":"0","percent":"3","requests":"18594","rps":"142","startedAt":"2026-04-08T14:47:12.4399344+05:45","templates":"3915","total":"546560"}
2026-04-08 14:49:23 [WARNING ] easm-aegis: [BREACH] IntelX quota exceeded
2026-04-08 14:49:23 [INFO    ] easm-aegis:   [Clean] dfujita@clearstreet.io (via: none)
2026-04-08 14:49:25 [INFO    ] easm-aegis: [BREACH] Checking dgiacovazzi@clearstreet.io via IntelX...
2026-04-08 14:49:27 [DEBUG   ] easm-aegis: [NUCLEI] {"duration":"0:02:15","errors":"936","hosts":"64","matched":"0","percent":"3","requests":"19060","rps":"140","startedAt":"2026-04-08T14:47:12.4399344+05:45","templates":"3915","total":"546560"}
2026-04-08 14:49:32 [DEBUG   ] easm-aegis: [NUCLEI] {"duration":"0:02:20","errors":"986","hosts":"64","matched":"0","percent":"3","requests":"19773","rps":"140","startedAt":"2026-04-08T14:47:12.4399344+05:45","templates":"3915","total":"546560"}
2026-04-08 14:49:36 [WARNING ] easm-aegis: [BREACH] IntelX quota exceeded
2026-04-08 14:49:36 [INFO    ] easm-aegis:   [Clean] dgiacovazzi@clearstreet.io (via: none)
2026-04-08 14:49:37 [DEBUG   ] easm-aegis: [NUCLEI] {"duration":"0:02:25","errors":"1018","hosts":"64","matched":"0","percent":"3","requests":"20462","rps":"140","startedAt":"2026-04-08T14:47:12.4399344+05:45","templates":"3915","total":"546560"}
2026-04-08 14:49:38 [INFO    ] easm-aegis: [BREACH] Checking dhammerich@clearstreet.io via IntelX...
2026-04-08 14:49:42 [DEBUG   ] easm-aegis: [NUCLEI] {"duration":"0:02:30","errors":"1068","hosts":"64","matched":"0","percent":"3","requests":"20736","rps":"138","startedAt":"2026-04-08T14:47:12.4399344+05:45","templates":"3915","total":"546560"}
2026-04-08 14:49:47 [DEBUG   ] easm-aegis: [NUCLEI] {"duration":"0:02:35","errors":"1122","hosts":"64","matched":"0","percent":"3","requests":"21364","rps":"137","startedAt":"2026-04-08T14:47:12.4399344+05:45","templates":"3915","total":"546560"}
2026-04-08 14:49:49 [WARNING ] easm-aegis: [BREACH] IntelX quota exceeded
2026-04-08 14:49:49 [INFO    ] easm-aegis:   [Clean] dhammerich@clearstreet.io (via: none)
2026-04-08 14:49:51 [INFO    ] easm-aegis: [BREACH] Checking dkim@clearstreet.io via IntelX...
2026-04-08 14:49:52 [DEBUG   ] easm-aegis: [NUCLEI] {"duration":"0:02:40","errors":"1158","hosts":"64","matched":"0","percent":"4","requests":"22548","rps":"140","startedAt":"2026-04-08T14:47:12.4399344+05:45","templates":"3915","total":"546560"}
2026-04-08 14:49:57 [DEBUG   ] easm-aegis: [NUCLEI] {"duration":"0:02:45","errors":"1248","hosts":"64","matched":"0","percent":"6","requests":"33685","rps":"203","startedAt":"2026-04-08T14:47:12.4399344+05:45","templates":"3915","total":"546560"}
2026-04-08 14:50:02 [DEBUG   ] easm-aegis: [NUCLEI] {"duration":"0:02:50","errors":"1271","hosts":"64","matched":"0","percent":"6","requests":"35832","rps":"210","startedAt":"2026-04-08T14:47:12.4399344+05:45","templates":"3915","total":"546560"}
2026-04-08 14:50:02 [WARNING ] easm-aegis: [BREACH] IntelX quota exceeded
2026-04-08 14:50:02 [INFO    ] easm-aegis:   [Clean] dkim@clearstreet.io (via: none)
2026-04-08 14:50:04 [INFO    ] easm-aegis: [BREACH] Checking echen@clearstreet.io via IntelX...
2026-04-08 14:50:07 [DEBUG   ] easm-aegis: [NUCLEI] {"duration":"0:02:55","errors":"1293","hosts":"64","matched":"0","percent":"6","requests":"35970","rps":"205","startedAt":"2026-04-08T14:47:12.4399344+05:45","templates":"3915","total":"546560"}
2026-04-08 14:50:12 [DEBUG   ] easm-aegis: [NUCLEI] {"duration":"0:03:00","errors":"1405","hosts":"64","matched":"0","percent":"6","requests":"36769","rps":"203","startedAt":"2026-04-08T14:47:12.4399344+05:45","templates":"3915","total":"546560"}
2026-04-08 14:50:15 [WARNING ] easm-aegis: [BREACH] IntelX quota exceeded
2026-04-08 14:50:15 [INFO    ] easm-aegis:   [Clean] echen@clearstreet.io (via: none)
2026-04-08 14:50:17 [DEBUG   ] easm-aegis: [NUCLEI] {"duration":"0:03:05","errors":"1453","hosts":"64","matched":"0","percent":"6","requests":"37975","rps":"204","startedAt":"2026-04-08T14:47:12.4399344+05:45","templates":"3915","total":"546560"}
2026-04-08 14:50:17 [INFO    ] easm-aegis: [BREACH] Checking eierwnopmmcagfjhhqhiecebt@clearstreet.io via IntelX...
2026-04-08 14:50:22 [DEBUG   ] easm-aegis: [NUCLEI] {"duration":"0:03:10","errors":"1496","hosts":"64","matched":"0","percent":"7","requests":"38365","rps":"201","startedAt":"2026-04-08T14:47:12.4399344+05:45","templates":"3915","total":"546560"}
2026-04-08 14:50:27 [DEBUG   ] easm-aegis: [NUCLEI] {"duration":"0:03:15","errors":"1592","hosts":"64","matched":"0","percent":"7","requests":"38958","rps":"199","startedAt":"2026-04-08T14:47:12.4399344+05:45","templates":"3915","total":"546560"}
2026-04-08 14:50:29 [WARNING ] easm-aegis: [BREACH] IntelX quota exceeded
2026-04-08 14:50:29 [INFO    ] easm-aegis:   [Clean] eierwnopmmcagfjhhqhiecebt@clearstreet.io (via: none)
2026-04-08 14:50:31 [INFO    ] easm-aegis: [BREACH] Checking elliott.garlock@clearstreet.io via IntelX...
2026-04-08 14:50:32 [DEBUG   ] easm-aegis: [NUCLEI] {"duration":"0:03:20","errors":"1636","hosts":"64","matched":"0","percent":"7","requests":"39361","rps":"196","startedAt":"2026-04-08T14:47:12.4399344+05:45","templates":"3915","total":"546560"}
2026-04-08 14:50:37 [DEBUG   ] easm-aegis: [NUCLEI] {"duration":"0:03:25","errors":"1688","hosts":"64","matched":"0","percent":"7","requests":"40683","rps":"198","startedAt":"2026-04-08T14:47:12.4399344+05:45","templates":"3915","total":"546560"}
2026-04-08 14:50:42 [WARNING ] easm-aegis: [BREACH] IntelX quota exceeded
2026-04-08 14:50:42 [INFO    ] easm-aegis:   [Clean] elliott.garlock@clearstreet.io (via: none)
2026-04-08 14:50:42 [DEBUG   ] easm-aegis: [NUCLEI] {"duration":"0:03:30","errors":"1762","hosts":"64","matched":"0","percent":"7","requests":"41057","rps":"195","startedAt":"2026-04-08T14:47:12.4399344+05:45","templates":"3915","total":"546560"}
2026-04-08 14:50:44 [INFO    ] easm-aegis: [BREACH] Checking emalpica@clearstreet.io via IntelX...
2026-04-08 14:50:47 [DEBUG   ] easm-aegis: [NUCLEI] {"duration":"0:03:35","errors":"1776","hosts":"64","matched":"0","percent":"7","requests":"41333","rps":"192","startedAt":"2026-04-08T14:47:12.4399344+05:45","templates":"3915","total":"546560"}
2026-04-08 14:50:52 [DEBUG   ] easm-aegis: [NUCLEI] {"duration":"0:03:40","errors":"1812","hosts":"64","matched":"0","percent":"7","requests":"41579","rps":"188","startedAt":"2026-04-08T14:47:12.4399344+05:45","templates":"3915","total":"546560"}
2026-04-08 14:50:55 [WARNING ] easm-aegis: [BREACH] IntelX quota exceeded
2026-04-08 14:50:55 [INFO    ] easm-aegis:   [Clean] emalpica@clearstreet.io (via: none)
2026-04-08 14:50:57 [INFO    ] easm-aegis: [BREACH] Checking eperson@clearstreet.io via IntelX...
2026-04-08 14:50:57 [DEBUG   ] easm-aegis: [NUCLEI] {"duration":"0:03:45","errors":"1896","hosts":"64","matched":"0","percent":"7","requests":"42564","rps":"188","startedAt":"2026-04-08T14:47:12.4399344+05:45","templates":"3915","total":"546560"}
2026-04-08 14:51:02 [DEBUG   ] easm-aegis: [NUCLEI] {"duration":"0:03:50","errors":"1934","hosts":"64","matched":"0","percent":"7","requests":"43456","rps":"188","startedAt":"2026-04-08T14:47:12.4399344+05:45","templates":"3915","total":"546560"}
2026-04-08 14:51:07 [DEBUG   ] easm-aegis: [NUCLEI] {"duration":"0:03:55","errors":"1966","hosts":"64","matched":"0","percent":"8","requests":"43746","rps":"185","startedAt":"2026-04-08T14:47:12.4399344+05:45","templates":"3915","total":"546560"}
2026-04-08 14:51:08 [WARNING ] easm-aegis: [BREACH] IntelX quota exceeded
2026-04-08 14:51:08 [INFO    ] easm-aegis:   [Clean] eperson@clearstreet.io (via: none)
2026-04-08 14:51:10 [INFO    ] easm-aegis: [BREACH] Checking gatkins@clearstreet.io via IntelX...
2026-04-08 14:51:12 [DEBUG   ] easm-aegis: [NUCLEI] {"duration":"0:04:00","errors":"1994","hosts":"64","matched":"0","percent":"8","requests":"44177","rps":"183","startedAt":"2026-04-08T14:47:12.4399344+05:45","templates":"3915","total":"546560"}
2026-04-08 14:51:17 [DEBUG   ] easm-aegis: [NUCLEI] {"duration":"0:04:05","errors":"2036","hosts":"64","matched":"0","percent":"8","requests":"44844","rps":"182","startedAt":"2026-04-08T14:47:12.4399344+05:45","templates":"3915","total":"546560"}
2026-04-08 14:51:21 [WARNING ] easm-aegis: [BREACH] IntelX quota exceeded
2026-04-08 14:51:21 [INFO    ] easm-aegis:   [Clean] gatkins@clearstreet.io (via: none)
2026-04-08 14:51:22 [DEBUG   ] easm-aegis: [NUCLEI] {"duration":"0:04:10","errors":"2080","hosts":"64","matched":"0","percent":"8","requests":"45677","rps":"182","startedAt":"2026-04-08T14:47:12.4399344+05:45","templates":"3915","total":"546560"}
2026-04-08 14:51:23 [INFO    ] easm-aegis: [BREACH] Checking gburton@clearstreet.io via IntelX...
2026-04-08 14:51:27 [DEBUG   ] easm-aegis: [NUCLEI] {"duration":"0:04:15","errors":"2117","hosts":"64","matched":"0","percent":"8","requests":"46536","rps":"182","startedAt":"2026-04-08T14:47:12.4399344+05:45","templates":"3915","total":"546560"}
2026-04-08 14:51:32 [DEBUG   ] easm-aegis: [NUCLEI] {"duration":"0:04:20","errors":"2145","hosts":"64","matched":"0","percent":"8","requests":"48171","rps":"185","startedAt":"2026-04-08T14:47:12.4399344+05:45","templates":"3915","total":"546560"}
2026-04-08 14:51:34 [WARNING ] easm-aegis: [BREACH] IntelX quota exceeded
2026-04-08 14:51:34 [INFO    ] easm-aegis:   [Clean] gburton@clearstreet.io (via: none)
2026-04-08 14:51:36 [INFO    ] easm-aegis: [BREACH] Checking ggolub@clearstreet.io via IntelX...
2026-04-08 14:51:37 [DEBUG   ] easm-aegis: [NUCLEI] {"duration":"0:04:25","errors":"2171","hosts":"64","matched":"0","percent":"8","requests":"48370","rps":"182","startedAt":"2026-04-08T14:47:12.4399344+05:45","templates":"3915","total":"546560"}
2026-04-08 14:51:42 [DEBUG   ] easm-aegis: [NUCLEI] {"duration":"0:04:30","errors":"2198","hosts":"64","matched":"0","percent":"8","requests":"49014","rps":"181","startedAt":"2026-04-08T14:47:12.4399344+05:45","templates":"3915","total":"546560"}
2026-04-08 14:51:47 [DEBUG   ] easm-aegis: [NUCLEI] {"duration":"0:04:35","errors":"2227","hosts":"64","matched":"0","percent":"9","requests":"50508","rps":"183","startedAt":"2026-04-08T14:47:12.4399344+05:45","templates":"3915","total":"546560"}
2026-04-08 14:51:48 [WARNING ] easm-aegis: [BREACH] IntelX quota exceeded
2026-04-08 14:51:48 [INFO    ] easm-aegis:   [Clean] ggolub@clearstreet.io (via: none)
2026-04-08 14:51:50 [INFO    ] easm-aegis: [BREACH] Checking ib@clearstreet.io via IntelX...
2026-04-08 14:51:52 [DEBUG   ] easm-aegis: [NUCLEI] {"duration":"0:04:40","errors":"2239","hosts":"64","matched":"0","percent":"9","requests":"51224","rps":"182","startedAt":"2026-04-08T14:47:12.4399344+05:45","templates":"3915","total":"546560"}
2026-04-08 14:51:57 [DEBUG   ] easm-aegis: [NUCLEI] {"duration":"0:04:45","errors":"2249","hosts":"64","matched":"0","percent":"9","requests":"51712","rps":"181","startedAt":"2026-04-08T14:47:12.4399344+05:45","templates":"3915","total":"546560"}
2026-04-08 14:52:01 [WARNING ] easm-aegis: [BREACH] IntelX quota exceeded
2026-04-08 14:52:01 [INFO    ] easm-aegis:   [Clean] ib@clearstreet.io (via: none)
2026-04-08 14:52:02 [DEBUG   ] easm-aegis: [NUCLEI] {"duration":"0:04:50","errors":"2297","hosts":"64","matched":"0","percent":"9","requests":"52850","rps":"182","startedAt":"2026-04-08T14:47:12.4399344+05:45","templates":"3915","total":"546560"}
2026-04-08 14:52:03 [INFO    ] easm-aegis: [BREACH] Checking info@clearstreet.io via IntelX...
2026-04-08 14:52:07 [DEBUG   ] easm-aegis: [NUCLEI] {"duration":"0:04:55","errors":"2311","hosts":"64","matched":"0","percent":"9","requests":"53385","rps":"180","startedAt":"2026-04-08T14:47:12.4399344+05:45","templates":"3915","total":"546560"}
2026-04-08 14:52:12 [DEBUG   ] easm-aegis: [NUCLEI] {"duration":"0:05:00","errors":"2347","hosts":"64","matched":"0","percent":"9","requests":"54293","rps":"180","startedAt":"2026-04-08T14:47:12.4399344+05:45","templates":"3915","total":"546560"}
2026-04-08 14:52:14 [WARNING ] easm-aegis: [BREACH] IntelX quota exceeded
2026-04-08 14:52:14 [INFO    ] easm-aegis:   [Clean] info@clearstreet.io (via: none)
2026-04-08 14:52:16 [INFO    ] easm-aegis: [BREACH] Checking jad.abisamra@clearstreet.io via IntelX...
2026-04-08 14:52:17 [DEBUG   ] easm-aegis: [NUCLEI] {"duration":"0:05:05","errors":"2385","hosts":"64","matched":"0","percent":"10","requests":"55016","rps":"180","startedAt":"2026-04-08T14:47:12.4399344+05:45","templates":"3915","total":"546560"}
2026-04-08 14:52:22 [DEBUG   ] easm-aegis: [NUCLEI] {"duration":"0:05:10","errors":"2415","hosts":"64","matched":"0","percent":"10","requests":"55623","rps":"179","startedAt":"2026-04-08T14:47:12.4399344+05:45","templates":"3915","total":"546560"}
2026-04-08 14:52:27 [DEBUG   ] easm-aegis: [NUCLEI] {"duration":"0:05:15","errors":"2459","hosts":"64","matched":"0","percent":"10","requests":"56270","rps":"178","startedAt":"2026-04-08T14:47:12.4399344+05:45","templates":"3915","total":"546560"}
2026-04-08 14:52:28 [WARNING ] easm-aegis: [BREACH] IntelX quota exceeded
2026-04-08 14:52:28 [INFO    ] easm-aegis:   [Clean] jad.abisamra@clearstreet.io (via: none)
2026-04-08 14:52:30 [INFO    ] easm-aegis: [BREACH] Checking jasbury@clearstreet.io via IntelX...
2026-04-08 14:52:32 [DEBUG   ] easm-aegis: [NUCLEI] {"duration":"0:05:20","errors":"2499","hosts":"64","matched":"0","percent":"10","requests":"57463","rps":"179","startedAt":"2026-04-08T14:47:12.4399344+05:45","templates":"3915","total":"546560"}
2026-04-08 14:52:37 [DEBUG   ] easm-aegis: [NUCLEI] {"duration":"0:05:25","errors":"2531","hosts":"64","matched":"0","percent":"10","requests":"57907","rps":"178","startedAt":"2026-04-08T14:47:12.4399344+05:45","templates":"3915","total":"546560"}
2026-04-08 14:52:41 [WARNING ] easm-aegis: [BREACH] IntelX quota exceeded
2026-04-08 14:52:41 [INFO    ] easm-aegis:   [Clean] jasbury@clearstreet.io (via: none)
2026-04-08 14:52:42 [DEBUG   ] easm-aegis: [NUCLEI] {"duration":"0:05:30","errors":"2553","hosts":"64","matched":"0","percent":"10","requests":"57918","rps":"175","startedAt":"2026-04-08T14:47:12.4399344+05:45","templates":"3915","total":"546560"}
2026-04-08 14:52:43 [INFO    ] easm-aegis: [BREACH] Checking jemerson@clearstreet.io via IntelX...
2026-04-08 14:52:47 [DEBUG   ] easm-aegis: [NUCLEI] {"duration":"0:05:35","errors":"2569","hosts":"64","matched":"0","percent":"10","requests":"58246","rps":"173","startedAt":"2026-04-08T14:47:12.4399344+05:45","templates":"3915","total":"546560"}
2026-04-08 14:52:52 [DEBUG   ] easm-aegis: [NUCLEI] {"duration":"0:05:40","errors":"2615","hosts":"64","matched":"0","percent":"10","requests":"58937","rps":"173","startedAt":"2026-04-08T14:47:12.4399344+05:45","templates":"3915","total":"546560"}
2026-04-08 14:52:54 [WARNING ] easm-aegis: [BREACH] IntelX quota exceeded
2026-04-08 14:52:55 [INFO    ] easm-aegis:   [Clean] jemerson@clearstreet.io (via: none)
2026-04-08 14:52:57 [INFO    ] easm-aegis: [BREACH] Checking jlaudadio@clearstreet.io via IntelX...
2026-04-08 14:52:57 [DEBUG   ] easm-aegis: [NUCLEI] {"duration":"0:05:45","errors":"2641","hosts":"64","matched":"0","percent":"10","requests":"59654","rps":"172","startedAt":"2026-04-08T14:47:12.4399344+05:45","templates":"3915","total":"546560"}
2026-04-08 14:53:02 [DEBUG   ] easm-aegis: [NUCLEI] {"duration":"0:05:50","errors":"2679","hosts":"64","matched":"0","percent":"11","requests":"60540","rps":"172","startedAt":"2026-04-08T14:47:12.4399344+05:45","templates":"3915","total":"546560"}
2026-04-08 14:53:07 [DEBUG   ] easm-aegis: [NUCLEI] {"duration":"0:05:55","errors":"2727","hosts":"64","matched":"0","percent":"11","requests":"61284","rps":"172","startedAt":"2026-04-08T14:47:12.4399344+05:45","templates":"3915","total":"546560"}
2026-04-08 14:53:08 [WARNING ] easm-aegis: [BREACH] IntelX quota exceeded
2026-04-08 14:53:08 [INFO    ] easm-aegis:   [Clean] jlaudadio@clearstreet.io (via: none)
2026-04-08 14:53:10 [INFO    ] easm-aegis: [BREACH] Checking jlee@clearstreet.io via IntelX...
2026-04-08 14:53:12 [DEBUG   ] easm-aegis: [NUCLEI] {"duration":"0:06:00","errors":"2765","hosts":"64","matched":"0","percent":"11","requests":"61809","rps":"171","startedAt":"2026-04-08T14:47:12.4399344+05:45","templates":"3915","total":"546560"}
2026-04-08 14:53:17 [DEBUG   ] easm-aegis: [NUCLEI] {"duration":"0:06:05","errors":"2805","hosts":"64","matched":"0","percent":"11","requests":"62377","rps":"170","startedAt":"2026-04-08T14:47:12.4399344+05:45","templates":"3915","total":"546560"}
2026-04-08 14:53:21 [WARNING ] easm-aegis: [BREACH] IntelX quota exceeded
2026-04-08 14:53:21 [INFO    ] easm-aegis:   [Clean] jlee@clearstreet.io (via: none)
2026-04-08 14:53:22 [DEBUG   ] easm-aegis: [NUCLEI] {"duration":"0:06:10","errors":"2829","hosts":"64","matched":"0","percent":"11","requests":"62674","rps":"169","startedAt":"2026-04-08T14:47:12.4399344+05:45","templates":"3915","total":"546560"}
2026-04-08 14:53:23 [INFO    ] easm-aegis: [BREACH] Checking jprice@clearstreet.io via IntelX...
2026-04-08 14:53:27 [DEBUG   ] easm-aegis: [NUCLEI] {"duration":"0:06:15","errors":"2869","hosts":"64","matched":"0","percent":"11","requests":"63327","rps":"168","startedAt":"2026-04-08T14:47:12.4399344+05:45","templates":"3915","total":"546560"}
2026-04-08 14:53:32 [DEBUG   ] easm-aegis: [NUCLEI] {"duration":"0:06:20","errors":"2905","hosts":"64","matched":"0","percent":"11","requests":"63761","rps":"167","startedAt":"2026-04-08T14:47:12.4399344+05:45","templates":"3915","total":"546560"}
2026-04-08 14:53:34 [WARNING ] easm-aegis: [BREACH] IntelX quota exceeded
2026-04-08 14:53:34 [INFO    ] easm-aegis:   [Clean] jprice@clearstreet.io (via: none)
2026-04-08 14:53:36 [INFO    ] easm-aegis: [BREACH] Checking jregan@clearstreet.io via IntelX...
2026-04-08 14:53:37 [DEBUG   ] easm-aegis: [NUCLEI] {"duration":"0:06:25","errors":"2935","hosts":"64","matched":"0","percent":"11","requests":"64008","rps":"166","startedAt":"2026-04-08T14:47:12.4399344+05:45","templates":"3915","total":"546560"}
2026-04-08 14:53:42 [DEBUG   ] easm-aegis: [NUCLEI] {"duration":"0:06:30","errors":"2957","hosts":"64","matched":"0","percent":"11","requests":"65366","rps":"167","startedAt":"2026-04-08T14:47:12.4399344+05:45","templates":"3915","total":"546560"}
2026-04-08 14:53:47 [DEBUG   ] easm-aegis: [NUCLEI] {"duration":"0:06:35","errors":"2989","hosts":"64","matched":"0","percent":"12","requests":"66023","rps":"167","startedAt":"2026-04-08T14:47:12.4399344+05:45","templates":"3915","total":"546560"}
2026-04-08 14:53:48 [WARNING ] easm-aegis: [BREACH] IntelX quota exceeded
2026-04-08 14:53:48 [INFO    ] easm-aegis:   [Clean] jregan@clearstreet.io (via: none)
2026-04-08 14:53:50 [INFO    ] easm-aegis: [BREACH] Checking jricciardi@clearstreet.io via IntelX...
2026-04-08 14:53:52 [DEBUG   ] easm-aegis: [NUCLEI] {"duration":"0:06:40","errors":"3037","hosts":"64","matched":"0","percent":"12","requests":"67072","rps":"167","startedAt":"2026-04-08T14:47:12.4399344+05:45","templates":"3915","total":"546560"}
2026-04-08 14:53:57 [DEBUG   ] easm-aegis: [NUCLEI] {"duration":"0:06:45","errors":"3067","hosts":"64","matched":"0","percent":"12","requests":"68192","rps":"168","startedAt":"2026-04-08T14:47:12.4399344+05:45","templates":"3915","total":"546560"}
2026-04-08 14:54:01 [WARNING ] easm-aegis: [BREACH] IntelX quota exceeded
2026-04-08 14:54:01 [INFO    ] easm-aegis:   [Clean] jricciardi@clearstreet.io (via: none)
2026-04-08 14:54:02 [DEBUG   ] easm-aegis: [NUCLEI] {"duration":"0:06:50","errors":"3093","hosts":"64","matched":"0","percent":"12","requests":"68879","rps":"167","startedAt":"2026-04-08T14:47:12.4399344+05:45","templates":"3915","total":"546560"}
2026-04-08 14:54:03 [INFO    ] easm-aegis: [BREACH] Checking kholbert@clearstreet.io via IntelX...
2026-04-08 14:54:07 [DEBUG   ] easm-aegis: [NUCLEI] {"duration":"0:06:55","errors":"3139","hosts":"64","matched":"0","percent":"12","requests":"70145","rps":"168","startedAt":"2026-04-08T14:47:12.4399344+05:45","templates":"3915","total":"546560"}
2026-04-08 14:54:12 [DEBUG   ] easm-aegis: [NUCLEI] {"duration":"0:07:00","errors":"3175","hosts":"64","matched":"0","percent":"13","requests":"71088","rps":"169","startedAt":"2026-04-08T14:47:12.4399344+05:45","templates":"3915","total":"546560"}
2026-04-08 14:54:14 [WARNING ] easm-aegis: [BREACH] IntelX quota exceeded
2026-04-08 14:54:14 [INFO    ] easm-aegis:   [Clean] kholbert@clearstreet.io (via: none)
2026-04-08 14:54:16 [INFO    ] easm-aegis: [BREACH] Checking klebedev@clearstreet.io via IntelX...
2026-04-08 14:54:17 [DEBUG   ] easm-aegis: [NUCLEI] {"duration":"0:07:05","errors":"3195","hosts":"64","matched":"0","percent":"13","requests":"71661","rps":"168","startedAt":"2026-04-08T14:47:12.4399344+05:45","templates":"3915","total":"546560"}
2026-04-08 14:54:22 [DEBUG   ] easm-aegis: [NUCLEI] {"duration":"0:07:10","errors":"3242","hosts":"64","matched":"0","percent":"13","requests":"72221","rps":"167","startedAt":"2026-04-08T14:47:12.4399344+05:45","templates":"3915","total":"546560"}
2026-04-08 14:54:27 [DEBUG   ] easm-aegis: [NUCLEI] {"duration":"0:07:15","errors":"3294","hosts":"64","matched":"0","percent":"13","requests":"72986","rps":"167","startedAt":"2026-04-08T14:47:12.4399344+05:45","templates":"3915","total":"546560"}
2026-04-08 14:54:28 [WARNING ] easm-aegis: [BREACH] IntelX quota exceeded
2026-04-08 14:54:28 [INFO    ] easm-aegis:   [Clean] klebedev@clearstreet.io (via: none)
2026-04-08 14:54:30 [INFO    ] easm-aegis: [BREACH] Checking ksalquist@clearstreet.io via IntelX...
2026-04-08 14:54:32 [DEBUG   ] easm-aegis: [NUCLEI] {"duration":"0:07:20","errors":"3348","hosts":"64","matched":"0","percent":"13","requests":"73924","rps":"167","startedAt":"2026-04-08T14:47:12.4399344+05:45","templates":"3915","total":"546560"}
2026-04-08 14:54:37 [DEBUG   ] easm-aegis: [NUCLEI] {"duration":"0:07:25","errors":"3398","hosts":"64","matched":"0","percent":"13","requests":"74409","rps":"167","startedAt":"2026-04-08T14:47:12.4399344+05:45","templates":"3915","total":"546560"}
2026-04-08 14:54:41 [WARNING ] easm-aegis: [BREACH] IntelX quota exceeded
2026-04-08 14:54:41 [INFO    ] easm-aegis:   [Clean] ksalquist@clearstreet.io (via: none)
2026-04-08 14:54:42 [DEBUG   ] easm-aegis: [NUCLEI] {"duration":"0:07:30","errors":"3428","hosts":"64","matched":"0","percent":"13","requests":"74791","rps":"166","startedAt":"2026-04-08T14:47:12.4399344+05:45","templates":"3915","total":"546560"}
2026-04-08 14:54:43 [INFO    ] easm-aegis: [BREACH] Checking kyadav@clearstreet.io via IntelX...
2026-04-08 14:54:47 [DEBUG   ] easm-aegis: [NUCLEI] {"duration":"0:07:35","errors":"3460","hosts":"64","matched":"0","percent":"13","requests":"75492","rps":"165","startedAt":"2026-04-08T14:47:12.4399344+05:45","templates":"3915","total":"546560"}
2026-04-08 14:54:52 [DEBUG   ] easm-aegis: [NUCLEI] {"duration":"0:07:40","errors":"3514","hosts":"64","matched":"0","percent":"13","requests":"76455","rps":"166","startedAt":"2026-04-08T14:47:12.4399344+05:45","templates":"3915","total":"546560"}
2026-04-08 14:54:54 [WARNING ] easm-aegis: [BREACH] IntelX quota exceeded
2026-04-08 14:54:54 [INFO    ] easm-aegis:   [Clean] kyadav@clearstreet.io (via: none)
2026-04-08 14:54:56 [INFO    ] easm-aegis: [BREACH] Checking lee@clearstreet.io via IntelX...
2026-04-08 14:54:57 [DEBUG   ] easm-aegis: [NUCLEI] {"duration":"0:07:45","errors":"3546","hosts":"64","matched":"0","percent":"14","requests":"76958","rps":"165","startedAt":"2026-04-08T14:47:12.4399344+05:45","templates":"3915","total":"546560"}
2026-04-08 14:55:02 [DEBUG   ] easm-aegis: [NUCLEI] {"duration":"0:07:50","errors":"3578","hosts":"64","matched":"0","percent":"14","requests":"77601","rps":"165","startedAt":"2026-04-08T14:47:12.4399344+05:45","templates":"3915","total":"546560"}
2026-04-08 14:55:07 [DEBUG   ] easm-aegis: [NUCLEI] {"duration":"0:07:55","errors":"3618","hosts":"64","matched":"0","percent":"14","requests":"77880","rps":"163","startedAt":"2026-04-08T14:47:12.4399344+05:45","templates":"3915","total":"546560"}
2026-04-08 14:55:08 [WARNING ] easm-aegis: [BREACH] IntelX quota exceeded
2026-04-08 14:55:08 [INFO    ] easm-aegis:   [Clean] lee@clearstreet.io (via: none)
2026-04-08 14:55:10 [INFO    ] easm-aegis: [BREACH] Checking marketing@clearstreet.io via IntelX...
2026-04-08 14:55:12 [DEBUG   ] easm-aegis: [NUCLEI] {"duration":"0:08:00","errors":"3660","hosts":"64","matched":"0","percent":"14","requests":"78753","rps":"163","startedAt":"2026-04-08T14:47:12.4399344+05:45","templates":"3915","total":"546560"}
2026-04-08 14:55:17 [DEBUG   ] easm-aegis: [NUCLEI] {"duration":"0:08:05","errors":"3702","hosts":"64","matched":"0","percent":"14","requests":"79341","rps":"163","startedAt":"2026-04-08T14:47:12.4399344+05:45","templates":"3915","total":"546560"}
2026-04-08 14:55:21 [WARNING ] easm-aegis: [BREACH] IntelX quota exceeded
2026-04-08 14:55:21 [INFO    ] easm-aegis:   [Clean] marketing@clearstreet.io (via: none)
2026-04-08 14:55:22 [DEBUG   ] easm-aegis: [NUCLEI] {"duration":"0:08:10","errors":"3728","hosts":"64","matched":"0","percent":"14","requests":"79417","rps":"161","startedAt":"2026-04-08T14:47:12.4399344+05:45","templates":"3915","total":"546560"}
2026-04-08 14:55:23 [INFO    ] easm-aegis: [BREACH] Checking mary.tam@clearstreet.io via IntelX...
2026-04-08 14:55:26 [INFO    ] easm-aegis: Generating remediation plan for clearstreet.io
2026-04-08 14:55:26 [INFO    ] easm-aegis: No open vulnerabilities found
2026-04-08 14:55:27 [DEBUG   ] easm-aegis: [NUCLEI] {"duration":"0:08:15","errors":"3746","hosts":"64","matched":"0","percent":"14","requests":"79488","rps":"160","startedAt":"2026-04-08T14:47:12.4399344+05:45","templates":"3915","total":"546560"}
2026-04-08 14:55:32 [DEBUG   ] easm-aegis: [NUCLEI] {"duration":"0:08:20","errors":"3780","hosts":"64","matched":"0","percent":"14","requests":"80260","rps":"160","startedAt":"2026-04-08T14:47:12.4399344+05:45","templates":"3915","total":"546560"}
2026-04-08 14:55:34 [WARNING ] easm-aegis: [BREACH] IntelX quota exceeded
2026-04-08 14:55:34 [INFO    ] easm-aegis:   [Clean] mary.tam@clearstreet.io (via: none)
2026-04-08 14:55:36 [INFO    ] easm-aegis: [BREACH] Checking mbennett@clearstreet.io via IntelX...
2026-04-08 14:55:37 [DEBUG   ] easm-aegis: [NUCLEI] {"duration":"0:08:25","errors":"3824","hosts":"64","matched":"0","percent":"14","requests":"81256","rps":"160","startedAt":"2026-04-08T14:47:12.4399344+05:45","templates":"3915","total":"546560"}
2026-04-08 14:55:42 [DEBUG   ] easm-aegis: [NUCLEI] {"duration":"0:08:30","errors":"3862","hosts":"64","matched":"0","percent":"14","requests":"81834","rps":"160","startedAt":"2026-04-08T14:47:12.4399344+05:45","templates":"3915","total":"546560"}
2026-04-08 14:55:47 [DEBUG   ] easm-aegis: [NUCLEI] {"duration":"0:08:35","errors":"3884","hosts":"64","matched":"0","percent":"14","requests":"81956","rps":"159","startedAt":"2026-04-08T14:47:12.4399344+05:45","templates":"3915","total":"546560"}
2026-04-08 14:55:48 [WARNING ] easm-aegis: [BREACH] IntelX quota exceeded
2026-04-08 14:55:48 [INFO    ] easm-aegis:   [Clean] mbennett@clearstreet.io (via: none)
2026-04-08 14:55:50 [INFO    ] easm-aegis: [BREACH] Checking msubbu@clearstreet.io via IntelX...
2026-04-08 14:55:52 [DEBUG   ] easm-aegis: [NUCLEI] {"duration":"0:08:40","errors":"3948","hosts":"64","matched":"0","percent":"15","requests":"83137","rps":"159","startedAt":"2026-04-08T14:47:12.4399344+05:45","templates":"3915","total":"546560"}
2026-04-08 14:55:57 [DEBUG   ] easm-aegis: [NUCLEI] {"duration":"0:08:45","errors":"3988","hosts":"64","matched":"0","percent":"15","requests":"84111","rps":"160","startedAt":"2026-04-08T14:47:12.4399344+05:45","templates":"3915","total":"546560"}
2026-04-08 14:56:01 [WARNING ] easm-aegis: [BREACH] IntelX quota exceeded
2026-04-08 14:56:01 [INFO    ] easm-aegis:   [Clean] msubbu@clearstreet.io (via: none)
2026-04-08 14:56:02 [DEBUG   ] easm-aegis: [NUCLEI] {"duration":"0:08:50","errors":"4027","hosts":"64","matched":"0","percent":"15","requests":"85036","rps":"160","startedAt":"2026-04-08T14:47:12.4399344+05:45","templates":"3915","total":"546560"}
2026-04-08 14:56:03 [INFO    ] easm-aegis: [BREACH] Checking nbhatt@clearstreet.io via IntelX...
2026-04-08 14:56:07 [DEBUG   ] easm-aegis: [NUCLEI] {"duration":"0:08:55","errors":"4052","hosts":"64","matched":"0","percent":"15","requests":"85487","rps":"159","startedAt":"2026-04-08T14:47:12.4399344+05:45","templates":"3915","total":"546560"}
2026-04-08 14:56:12 [DEBUG   ] easm-aegis: [NUCLEI] {"duration":"0:09:00","errors":"4146","hosts":"64","matched":"0","percent":"15","requests":"86333","rps":"159","startedAt":"2026-04-08T14:47:12.4399344+05:45","templates":"3915","total":"546560"}
2026-04-08 14:56:14 [WARNING ] easm-aegis: [BREACH] IntelX quota exceeded
2026-04-08 14:56:14 [INFO    ] easm-aegis:   [Clean] nbhatt@clearstreet.io (via: none)
2026-04-08 14:56:16 [INFO    ] easm-aegis: [BREACH] Checking nysupport@clearstreet.io via IntelX...
2026-04-08 14:56:17 [DEBUG   ] easm-aegis: [NUCLEI] {"duration":"0:09:05","errors":"4188","hosts":"64","matched":"0","percent":"15","requests":"87117","rps":"159","startedAt":"2026-04-08T14:47:12.4399344+05:45","templates":"3915","total":"546560"}
2026-04-08 14:56:22 [DEBUG   ] easm-aegis: [NUCLEI] {"duration":"0:09:10","errors":"4248","hosts":"64","matched":"0","percent":"16","requests":"88317","rps":"160","startedAt":"2026-04-08T14:47:12.4399344+05:45","templates":"3915","total":"546560"}
2026-04-08 14:56:27 [WARNING ] easm-aegis: [BREACH] IntelX quota exceeded
2026-04-08 14:56:27 [INFO    ] easm-aegis:   [Clean] nysupport@clearstreet.io (via: none)
2026-04-08 14:56:27 [DEBUG   ] easm-aegis: [NUCLEI] {"duration":"0:09:15","errors":"4280","hosts":"64","matched":"0","percent":"16","requests":"88930","rps":"160","startedAt":"2026-04-08T14:47:12.4399344+05:45","templates":"3915","total":"546560"}
2026-04-08 14:56:29 [INFO    ] easm-aegis: [BREACH] Checking pkim@clearstreet.io via IntelX...
2026-04-08 14:56:32 [DEBUG   ] easm-aegis: [NUCLEI] {"duration":"0:09:20","errors":"4310","hosts":"64","matched":"0","percent":"16","requests":"89187","rps":"159","startedAt":"2026-04-08T14:47:12.4399344+05:45","templates":"3915","total":"546560"}
2026-04-08 14:56:37 [DEBUG   ] easm-aegis: [NUCLEI] {"duration":"0:09:25","errors":"4342","hosts":"64","matched":"0","percent":"16","requests":"89508","rps":"158","startedAt":"2026-04-08T14:47:12.4399344+05:45","templates":"3915","total":"546560"}
2026-04-08 14:56:41 [WARNING ] easm-aegis: [BREACH] IntelX quota exceeded
2026-04-08 14:56:41 [INFO    ] easm-aegis:   [Clean] pkim@clearstreet.io (via: none)
2026-04-08 14:56:42 [DEBUG   ] easm-aegis: [NUCLEI] {"duration":"0:09:30","errors":"4372","hosts":"64","matched":"0","percent":"16","requests":"90047","rps":"157","startedAt":"2026-04-08T14:47:12.4399344+05:45","templates":"3915","total":"546560"}
2026-04-08 14:56:43 [INFO    ] easm-aegis: [BREACH] Checking press@clearstreet.io via IntelX...
2026-04-08 14:56:47 [DEBUG   ] easm-aegis: [NUCLEI] {"duration":"0:09:35","errors":"4410","hosts":"64","matched":"0","percent":"16","requests":"90743","rps":"157","startedAt":"2026-04-08T14:47:12.4399344+05:45","templates":"3915","total":"546560"}
2026-04-08 14:56:52 [DEBUG   ] easm-aegis: [NUCLEI] {"duration":"0:09:40","errors":"4460","hosts":"64","matched":"0","percent":"16","requests":"91427","rps":"157","startedAt":"2026-04-08T14:47:12.4399344+05:45","templates":"3915","total":"546560"}
2026-04-08 14:56:54 [WARNING ] easm-aegis: [BREACH] IntelX quota exceeded
2026-04-08 14:56:54 [INFO    ] easm-aegis:   [Clean] press@clearstreet.io (via: none)
2026-04-08 14:56:56 [INFO    ] easm-aegis: [BREACH] Checking privacy@clearstreet.io via IntelX...
2026-04-08 14:56:57 [DEBUG   ] easm-aegis: [NUCLEI] {"duration":"0:09:45","errors":"4510","hosts":"64","matched":"0","percent":"16","requests":"92135","rps":"157","startedAt":"2026-04-08T14:47:12.4399344+05:45","templates":"3915","total":"546560"}
2026-04-08 14:57:02 [WARNING ] easm-aegis: [NUCLEI] TIMEOUT after 600s — killing process (partial results preserved)
2026-04-08 14:57:07 [WARNING ] easm-aegis: [NUCLEI] Process killed by timeout. Captured 0 lines of output before kill.
2026-04-08 14:57:07 [DEBUG   ] easm-aegis: Raw output: 0 bytes, 0 lines
2026-04-08 14:57:07 [INFO    ] easm-aegis: Nuclei scan complete [broad (all)]: 0 vulnerabilities
2026-04-08 14:57:07 [INFO    ] easm-aegis: Breakdown: Critical=0, High=0, Medium=0, Low=0, Info=0
2026-04-08 14:57:07 [ERROR   ] easm-aegis: Nuclei timed out after 600s with no results
2026-04-08 14:57:07 [INFO    ] easm-aegis:   Tier 2C-NET: 8 targets
2026-04-08 14:57:07 [INFO    ] easm-aegis: ==================================================
2026-04-08 14:57:07 [INFO    ] easm-aegis: Nuclei scan starting [tech-targeted (tags: network,ssh,ftp,dns,smtp,snmp,rdp,vnc,default-login,mysql,postgres,mssql,redis,mongodb,memcached,ldap)]
2026-04-08 14:57:07 [INFO    ] easm-aegis: Targets: 8 | Severity: critical,high,medium,low | Concurrency: 25 | Timeout: 600s
2026-04-08 14:57:07 [DEBUG   ] easm-aegis: Targets written to: C:\Users\thapa\AppData\Local\Temp\nuclei_targets_2y5w2r87.txt (8 URLs)
2026-04-08 14:57:07 [INFO    ] easm-aegis:   Using tech tags: network,ssh,ftp,dns,smtp,snmp,rdp,vnc,default-login,mysql,postgres,mssql,redis,mongodb,memcached,ldap
2026-04-08 14:57:07 [INFO    ] easm-aegis: Nuclei scan running...
2026-04-08 14:57:07 [INFO    ] easm-aegis: [NUCLEI] Starting: nuclei.exe
2026-04-08 14:57:07 [INFO    ] easm-aegis: [NUCLEI] Timeout: 600 seconds
2026-04-08 14:57:07 [WARNING ] easm-aegis: [BREACH] IntelX quota exceeded
2026-04-08 14:57:07 [INFO    ] easm-aegis:   [Clean] privacy@clearstreet.io (via: none)
2026-04-08 14:57:09 [INFO    ] easm-aegis: [BREACH] Checking pstein@clearstreet.io via IntelX...
2026-04-08 14:57:15 [DEBUG   ] easm-aegis: [NUCLEI] {"duration":"0:00:05","errors":"347","hosts":"8","matched":"0","percent":"3","requests":"428","rps":"81","startedAt":"2026-04-08T14:57:10.3946829+05:45","templates":"474","total":"12120"}
2026-04-08 14:57:18 [DEBUG   ] easm-aegis: [NUCLEI] {"duration":"0:00:08","errors":"347","hosts":"8","matched":"0","percent":"3","requests":"428","rps":"53","startedAt":"2026-04-08T14:57:10.3946829+05:45","templates":"474","total":"12120"}
2026-04-08 14:57:18 [DEBUG   ] easm-aegis: [NUCLEI] {"duration":"0:00:08","errors":"347","hosts":"8","matched":"0","percent":"3","requests":"428","rps":"53","startedAt":"2026-04-08T14:57:10.3946829+05:45","templates":"474","total":"12120"}
2026-04-08 14:57:18 [INFO    ] easm-aegis: [NUCLEI] Completed (exit code: 0)
2026-04-08 14:57:18 [DEBUG   ] easm-aegis: Raw output: 0 bytes, 0 lines
2026-04-08 14:57:18 [INFO    ] easm-aegis: Nuclei scan complete [tech-targeted (tags: network,ssh,ftp,dns,smtp,snmp,rdp,vnc,default-login,mysql,postgres,mssql,redis,mongodb,memcached,ldap)]: 0 vulnerabilities
2026-04-08 14:57:18 [INFO    ] easm-aegis: Breakdown: Critical=0, High=0, Medium=0, Low=0, Info=0
2026-04-08 14:57:18 [INFO    ] easm-aegis: Phase 4 complete: 0 vulns (1A: 0 confirmed, 1B: 0 tech, 2A: 0 port, 2B: 0 header, 2C: 0 broad, 2C-NET: 0 network)
2026-04-08 14:57:18 [INFO    ] easm-aegis: First scan — skipping change detection
2026-04-08 14:57:18 [INFO    ] easm-aegis: Phase 5 complete: 0 changes
2026-04-08 14:57:18 [INFO    ] easm-aegis: Risk score: 12/100 (vulns: 0 [C:0 H:0 M:0 L:0], exposure: 12, email: 0, whois: 0) [40 subs, 86 ports, 0/0 breached emails, 0 whois flags]
2026-04-08 14:57:18 [INFO    ] easm-aegis: Phase 6 complete: Risk score 12/100
2026-04-08 14:57:18 [INFO    ] easm-aegis: ============================================================
2026-04-08 14:57:18 [INFO    ] easm-aegis: Scan partial for clearstreet.io
2026-04-08 14:57:18 [INFO    ] easm-aegis: Subs: 40 | Ports: 86 | HTTP: 31 | Vulns: 0
2026-04-08 14:57:18 [INFO    ] easm-aegis: Passive: 0 Shodan CVEs, 0 Censys services
2026-04-08 14:57:18 [INFO    ] easm-aegis: Changes: 0 | Risk: 12/100
2026-04-08 14:57:18 [INFO    ] easm-aegis: ============================================================
2026-04-08 14:57:20 [WARNING ] easm-aegis: [BREACH] IntelX quota exceeded
2026-04-08 14:57:20 [INFO    ] easm-aegis:   [Clean] pstein@clearstreet.io (via: none)
2026-04-08 14:57:22 [INFO    ] easm-aegis: [BREACH] Checking ptravers@clearstreet.io via IntelX...
2026-04-08 14:57:33 [WARNING ] easm-aegis: [BREACH] IntelX quota exceeded
2026-04-08 14:57:33 [INFO    ] easm-aegis:   [Clean] ptravers@clearstreet.io (via: none)
2026-04-08 14:57:35 [INFO    ] easm-aegis: [BREACH] Checking raphael.katz@clearstreet.io via IntelX...
2026-04-09 10:55:21 [INFO    ] easm-aegis: MongoDB connected: mongodb://localhost:27017
2026-04-09 10:55:21 [INFO    ] easm-aegis: Database: easm_db
2026-04-09 10:55:21 [INFO    ] easm-aegis: MongoDB connection is alive
2026-04-09 10:55:21 [DEBUG   ] easm-aegis: targets indexes created
2026-04-09 10:55:21 [DEBUG   ] easm-aegis: subdomains indexes created
2026-04-09 10:55:21 [DEBUG   ] easm-aegis: ports_services indexes created
2026-04-09 10:55:21 [DEBUG   ] easm-aegis: http_assets indexes created
2026-04-09 10:55:21 [DEBUG   ] easm-aegis: vulnerabilities indexes created
2026-04-09 10:55:21 [DEBUG   ] easm-aegis: changes indexes created
2026-04-09 10:55:21 [DEBUG   ] easm-aegis: scan_history indexes created
2026-04-09 10:55:21 [DEBUG   ] easm-aegis: email_exposures indexes created
2026-04-09 10:55:21 [DEBUG   ] easm-aegis: passive_recon indexes created
2026-04-09 10:55:21 [INFO    ] easm-aegis: All 9 collections initialized successfully
2026-04-09 10:55:21 [INFO    ] easm-aegis: Application initialized
2026-04-09 10:55:21 [INFO    ] easm-aegis: Reports directory ready
2026-04-09 10:55:21 [INFO    ] easm-aegis: Starting AEGIS on port 5000 (debug=True)
2026-04-09 12:01:39 [DEBUG   ] easm-aegis: [THROTTLE] Sleeping 2.00s for API: shodan
2026-04-09 12:01:41 [DEBUG   ] easm-aegis: [THROTTLE] Sleeping 1.00s for API: parallel_test
2026-04-09 12:02:49 [INFO    ] easm-aegis: MongoDB connected: mongodb://localhost:27017
2026-04-09 12:02:49 [INFO    ] easm-aegis: Database: easm_db
2026-04-09 12:02:49 [INFO    ] easm-aegis: MongoDB connection is alive
2026-04-09 12:02:49 [DEBUG   ] easm-aegis: targets indexes created
2026-04-09 12:02:49 [DEBUG   ] easm-aegis: subdomains indexes created
2026-04-09 12:02:49 [DEBUG   ] easm-aegis: ports_services indexes created
2026-04-09 12:02:49 [DEBUG   ] easm-aegis: http_assets indexes created
2026-04-09 12:02:49 [DEBUG   ] easm-aegis: vulnerabilities indexes created
2026-04-09 12:02:49 [DEBUG   ] easm-aegis: changes indexes created
2026-04-09 12:02:49 [DEBUG   ] easm-aegis: scan_history indexes created
2026-04-09 12:02:49 [DEBUG   ] easm-aegis: email_exposures indexes created
2026-04-09 12:02:49 [DEBUG   ] easm-aegis: passive_recon indexes created
2026-04-09 12:02:49 [INFO    ] easm-aegis: All 9 collections initialized successfully
2026-04-09 12:02:49 [INFO    ] easm-aegis: Application initialized
2026-04-09 12:02:49 [INFO    ] easm-aegis: Reports directory ready
2026-04-09 12:02:49 [INFO    ] easm-aegis: Starting AEGIS on port 5000 (debug=True)
2026-04-09 12:03:01 [INFO    ] easm-aegis: Deleted target: clearstreet.io
2026-04-09 12:03:01 [DEBUG   ] easm-aegis: Cascade cleanup: {'subdomains': 40, 'ports_services': 86, 'http_assets': 31, 'vulnerabilities': 0, 'changes': 0, 'scan_history': 1, 'email_exposures': 0, 'passive_recon': 0, 'certificates': 500, 'reports': 0, 'targets': 1, 'total_items': 659}
2026-04-09 12:05:06 [INFO    ] easm-aegis: Added new target: servicenow.com (id: 69d74516f836ebd833b6325d)
2026-04-09 12:05:06 [INFO    ] easm-aegis: Email harvesting thread started for servicenow.com
2026-04-09 12:05:06 [INFO    ] easm-aegis: Background email harvest started for servicenow.com
2026-04-09 12:05:06 [INFO    ] easm-aegis: 
============================================================
2026-04-09 12:05:06 [INFO    ] easm-aegis: [EMAIL] Starting email harvest for: servicenow.com
2026-04-09 12:05:06 [INFO    ] easm-aegis: ============================================================
2026-04-09 12:05:06 [INFO    ] easm-aegis: [EMAIL] Running theHarvester on servicenow.com...
2026-04-09 12:05:06 [DEBUG   ] easm-aegis: [EMAIL] Running command: C:\Users\thapa\OneDrive\Pictures\EASM AEGIS project\easm code\venv\Scripts\python.exe -m theHarvester -d servicenow.com -b google,bing,linkedin,yahoo,dnsdumpster,threatminer -l 200 -f C:\Users\thapa\OneDrive\Pictures\EASM AEGIS project\easm code\core\..\temp\theharvester_servicenow.com.json
2026-04-09 12:05:08 [DEBUG   ] easm-aegis: [EMAIL] theHarvester output sample: Read proxies.yaml from C:\Users\thapa\.theHarvester\proxies.yaml


2026-04-09 12:05:08 [INFO    ] easm-aegis: [EMAIL] Extracted 0 emails from text output
2026-04-09 12:05:08 [INFO    ] easm-aegis: [EMAIL] theHarvester found 0 emails total
2026-04-09 12:05:08 [INFO    ] easm-aegis: [EMAIL] Querying Hunter.io for servicenow.com...
2026-04-09 12:05:14 [INFO    ] easm-aegis: ============================================================
2026-04-09 12:05:14 [INFO    ] easm-aegis: Full scan starting for: servicenow.com (scan_id: 69d7451ef836ebd833b6325e)
2026-04-09 12:05:14 [INFO    ] easm-aegis: ============================================================
2026-04-09 12:05:14 [INFO    ] easm-aegis: ============================================================
2026-04-09 12:05:14 [INFO    ] easm-aegis: Starting full scan — ID: 69d7451ef836ebd833b6325e
2026-04-09 12:05:14 [INFO    ] easm-aegis: Target: servicenow.com
2026-04-09 12:05:14 [INFO    ] easm-aegis: ============================================================
2026-04-09 12:05:39 [WARNING ] easm-aegis: [EMAIL] Hunter.io HTTP 400
2026-04-09 12:05:39 [INFO    ] easm-aegis: [EMAIL] Querying Phonebook.cz for servicenow.com...
2026-04-09 12:05:57 [INFO    ] easm-aegis: [SHODAN] Discovering subdomains for {domain}...
2026-04-09 12:06:00 [INFO    ] easm-aegis: [SHODAN] Searching for hosts matching {domain}...
2026-04-09 12:06:02 [INFO    ] easm-aegis: [SHODAN] Found 996 results
2026-04-09 12:06:02 [INFO    ] easm-aegis: [SHODAN]   Subdomains: 654
2026-04-09 12:06:02 [INFO    ] easm-aegis: [SHODAN]   IPs: 99
2026-04-09 12:06:02 [INFO    ] easm-aegis: [SHODAN]   Ports: 2
2026-04-09 12:06:02 [INFO    ] easm-aegis: [SHODAN]   CVEs: 0
2026-04-09 12:06:03 [INFO    ] easm-aegis: Phase 0a: Shodan — 654 subs, 2 ports, 0 CVEs
2026-04-09 12:06:03 [ERROR   ] easm-aegis: Phase 0 failed: cannot import name 'is_available' from 'core.censys_recon' (C:\Users\thapa\OneDrive\Pictures\EASM AEGIS project\easm code\core\censys_recon.py)
Traceback (most recent call last):
  File "C:\Users\thapa\OneDrive\Pictures\EASM AEGIS project\easm code\core\scanner.py", line 658, in run_full_scan
    from core.censys_recon import (
    ...<2 lines>...
    )
ImportError: cannot import name 'is_available' from 'core.censys_recon' (C:\Users\thapa\OneDrive\Pictures\EASM AEGIS project\easm code\core\censys_recon.py)
2026-04-09 12:06:03 [INFO    ] easm-aegis: [SUBFINDER] Running: C:\Users\thapa\OneDrive\Pictures\EASM AEGIS project\easm code\tools\subfinder.exe -d servicenow.com -silent -oJ
2026-04-09 12:06:15 [INFO    ] easm-aegis: [EMAIL] Phonebook.cz found 100 emails
2026-04-09 12:06:15 [INFO    ] easm-aegis: 
[EMAIL] Harvest complete:
2026-04-09 12:06:15 [INFO    ] easm-aegis: [EMAIL] Total unique emails: 100
2026-04-09 12:06:15 [INFO    ] easm-aegis:   [✓] theharvester: 0 emails
2026-04-09 12:06:15 [INFO    ] easm-aegis:   [✗] hunter_io: 0 emails
2026-04-09 12:06:15 [INFO    ] easm-aegis:   [✓] phonebook: 100 emails
2026-04-09 12:06:15 [INFO    ] easm-aegis: [BREACH] Checking 100 emails for breaches...
2026-04-09 12:06:15 [INFO    ] easm-aegis: [BREACH] Checking abel.tuter@servicenow.com via IntelX...
2026-04-09 12:06:39 [INFO    ] easm-aegis: [BREACH] IntelX: abel.tuter@servicenow.com found in 6 sources (password: NO)
2026-04-09 12:06:39 [INFO    ] easm-aegis:   [BREACHED] abel.tuter@servicenow.com (via: intelx)
2026-04-09 12:06:41 [INFO    ] easm-aegis: [BREACH] Checking abeltuter@servicenow.com via IntelX...
2026-04-09 12:06:42 [INFO    ] easm-aegis: [CRT.SH] Querying certificate transparency logs for servicenow.com
2026-04-09 12:07:05 [INFO    ] easm-aegis: [BREACH] IntelX: abeltuter@servicenow.com found in 3 sources (password: NO)
2026-04-09 12:07:05 [INFO    ] easm-aegis:   [BREACHED] abeltuter@servicenow.com (via: intelx)
2026-04-09 12:07:07 [INFO    ] easm-aegis: [BREACH] Checking abeltutor@servicenow.com via IntelX...
2026-04-09 12:07:32 [INFO    ] easm-aegis: [BREACH] IntelX: abeltutor@servicenow.com found in 3 sources (password: NO)
2026-04-09 12:07:32 [INFO    ] easm-aegis:   [BREACHED] abeltutor@servicenow.com (via: intelx)
2026-04-09 12:07:34 [INFO    ] easm-aegis: [BREACH] Checking accountsreceivable@servicenow.com via IntelX...
2026-04-09 12:07:34 [WARNING ] easm-aegis: [CRT.SH] Request timed out for servicenow.com
2026-04-09 12:07:34 [INFO    ] easm-aegis: [SUBFINDER] Found 714 subdomains for servicenow.com
2026-04-09 12:07:34 [INFO    ] easm-aegis: Merged: 714 active + 654 passive = 959 total subdomains
2026-04-09 12:07:36 [INFO    ] easm-aegis: Phase 1 complete: 959 subdomains
2026-04-09 12:07:36 [INFO    ] easm-aegis: Passive covered 13 hosts (Shodan: 13, Censys: 0), Naabu scanning 951
2026-04-09 12:07:36 [INFO    ] easm-aegis: Starting port scanning on 951 hosts
2026-04-09 12:07:58 [INFO    ] easm-aegis: [BREACH] IntelX: accountsreceivable@servicenow.com found in 8 sources (password: NO)
2026-04-09 12:07:58 [INFO    ] easm-aegis:   [BREACHED] accountsreceivable@servicenow.com (via: intelx)
2026-04-09 12:08:00 [INFO    ] easm-aegis: [BREACH] Checking accountsreceivablebv@servicenow.com via IntelX...
2026-04-09 12:08:25 [INFO    ] easm-aegis: [BREACH] IntelX: accountsreceivablebv@servicenow.com found in 7 sources (password: NO)
2026-04-09 12:08:25 [INFO    ] easm-aegis:   [BREACHED] accountsreceivablebv@servicenow.com (via: intelx)
2026-04-09 12:08:27 [INFO    ] easm-aegis: [BREACH] Checking alexander.acree@servicenow.com via IntelX...
2026-04-09 12:08:52 [INFO    ] easm-aegis: [BREACH] IntelX: alexander.acree@servicenow.com found in 1 sources (password: NO)
2026-04-09 12:08:52 [INFO    ] easm-aegis:   [BREACHED] alexander.acree@servicenow.com (via: intelx)
2026-04-09 12:08:54 [INFO    ] easm-aegis: [BREACH] Checking alexandre.drouin@servicenow.com via IntelX...
2026-04-09 12:09:19 [INFO    ] easm-aegis: [BREACH] IntelX: alexandre.drouin@servicenow.com found in 2 sources (password: NO)
2026-04-09 12:09:19 [INFO    ] easm-aegis:   [BREACHED] alexandre.drouin@servicenow.com (via: intelx)
2026-04-09 12:09:21 [INFO    ] easm-aegis: [BREACH] Checking alok.raykar@servicenow.com via IntelX...
2026-04-09 12:09:45 [INFO    ] easm-aegis: [BREACH] IntelX: alok.raykar@servicenow.com found in 1 sources (password: NO)
2026-04-09 12:09:45 [INFO    ] easm-aegis:   [BREACHED] alok.raykar@servicenow.com (via: intelx)
2026-04-09 12:09:47 [INFO    ] easm-aegis: [BREACH] Checking andrew.blazhiyevskiy@servicenow.com via IntelX...
2026-04-09 12:10:12 [INFO    ] easm-aegis: [BREACH] IntelX: andrew.blazhiyevskiy@servicenow.com found in 29 sources (password: NO)
2026-04-09 12:10:12 [INFO    ] easm-aegis:   [BREACHED] andrew.blazhiyevskiy@servicenow.com (via: intelx)
2026-04-09 12:10:14 [INFO    ] easm-aegis: [BREACH] Checking annemarie.annes@servicenow.com via IntelX...
2026-04-09 12:10:39 [INFO    ] easm-aegis: [BREACH] IntelX: annemarie.annes@servicenow.com found in 1 sources (password: NO)
2026-04-09 12:10:39 [INFO    ] easm-aegis:   [BREACHED] annemarie.annes@servicenow.com (via: intelx)
2026-04-09 12:10:41 [INFO    ] easm-aegis: [BREACH] Checking arthur.oliveira@servicenow.com via IntelX...
2026-04-09 12:11:06 [INFO    ] easm-aegis: [BREACH] IntelX: arthur.oliveira@servicenow.com found in 14 sources (password: NO)
2026-04-09 12:11:06 [INFO    ] easm-aegis:   [BREACHED] arthur.oliveira@servicenow.com (via: intelx)
2026-04-09 12:11:08 [INFO    ] easm-aegis: [BREACH] Checking ashton.harvey@servicenow.com via IntelX...
2026-04-09 12:11:32 [INFO    ] easm-aegis: [BREACH] IntelX: ashton.harvey@servicenow.com found in 1 sources (password: NO)
2026-04-09 12:11:32 [INFO    ] easm-aegis:   [BREACHED] ashton.harvey@servicenow.com (via: intelx)
2026-04-09 12:11:34 [INFO    ] easm-aegis: [BREACH] Checking badr.gharib@servicenow.com via IntelX...
2026-04-09 12:12:00 [INFO    ] easm-aegis: [BREACH] IntelX: badr.gharib@servicenow.com found in 50 sources (password: YES)
2026-04-09 12:12:00 [INFO    ] easm-aegis:   [BREACHED] badr.gharib@servicenow.com (via: intelx)
2026-04-09 12:12:02 [INFO    ] easm-aegis: [BREACH] Checking ben.phillips@servicenow.com via IntelX...
2026-04-09 12:12:26 [INFO    ] easm-aegis: [BREACH] IntelX: ben.phillips@servicenow.com found in 18 sources (password: YES)
2026-04-09 12:12:26 [INFO    ] easm-aegis:   [BREACHED] ben.phillips@servicenow.com (via: intelx)
2026-04-09 12:12:28 [INFO    ] easm-aegis: [BREACH] Checking ben.snyder@servicenow.com via IntelX...
2026-04-09 12:12:53 [INFO    ] easm-aegis: [BREACH] IntelX: ben.snyder@servicenow.com found in 1 sources (password: NO)
2026-04-09 12:12:53 [INFO    ] easm-aegis:   [BREACHED] ben.snyder@servicenow.com (via: intelx)
2026-04-09 12:12:55 [INFO    ] easm-aegis: [BREACH] Checking bill.hansey@servicenow.com via IntelX...
2026-04-09 12:13:20 [INFO    ] easm-aegis: [BREACH] IntelX: bill.hansey@servicenow.com found in 15 sources (password: NO)
2026-04-09 12:13:20 [INFO    ] easm-aegis:   [BREACHED] bill.hansey@servicenow.com (via: intelx)
2026-04-09 12:13:22 [INFO    ] easm-aegis: [BREACH] Checking bill.tang@servicenow.com via IntelX...
2026-04-09 12:13:46 [INFO    ] easm-aegis: [BREACH] IntelX: bill.tang@servicenow.com found in 12 sources (password: YES)
2026-04-09 12:13:46 [INFO    ] easm-aegis:   [BREACHED] bill.tang@servicenow.com (via: intelx)
2026-04-09 12:13:48 [INFO    ] easm-aegis: [BREACH] Checking blake.fernandez@servicenow.com via IntelX...
2026-04-09 12:14:13 [INFO    ] easm-aegis: [BREACH] IntelX: blake.fernandez@servicenow.com found in 5 sources (password: NO)
2026-04-09 12:14:13 [INFO    ] easm-aegis:   [BREACHED] blake.fernandez@servicenow.com (via: intelx)
2026-04-09 12:14:15 [INFO    ] easm-aegis: [BREACH] Checking bobby.edmonds@servicenow.com via IntelX...
2026-04-09 12:14:40 [INFO    ] easm-aegis: [BREACH] IntelX: bobby.edmonds@servicenow.com found in 13 sources (password: NO)
2026-04-09 12:14:40 [INFO    ] easm-aegis:   [BREACHED] bobby.edmonds@servicenow.com (via: intelx)
2026-04-09 12:14:42 [INFO    ] easm-aegis: [BREACH] Checking brad.sullivan@servicenow.com via IntelX...
2026-04-09 12:15:07 [INFO    ] easm-aegis: [BREACH] IntelX: brad.sullivan@servicenow.com found in 2 sources (password: NO)
2026-04-09 12:15:07 [INFO    ] easm-aegis:   [BREACHED] brad.sullivan@servicenow.com (via: intelx)
2026-04-09 12:15:09 [INFO    ] easm-aegis: [BREACH] Checking careers@servicenow.com via IntelX...
2026-04-09 12:15:34 [INFO    ] easm-aegis: [BREACH] IntelX: careers@servicenow.com found in 1 sources (password: NO)
2026-04-09 12:15:34 [INFO    ] easm-aegis:   [BREACHED] careers@servicenow.com (via: intelx)
2026-04-09 12:15:36 [INFO    ] easm-aegis: [BREACH] Checking chantal.choi@servicenow.com via IntelX...
2026-04-09 12:16:00 [INFO    ] easm-aegis: [BREACH] IntelX: chantal.choi@servicenow.com found in 1 sources (password: NO)
2026-04-09 12:16:00 [INFO    ] easm-aegis:   [BREACHED] chantal.choi@servicenow.com (via: intelx)
2026-04-09 12:16:02 [INFO    ] easm-aegis: [BREACH] Checking cns@servicenow.com via IntelX...
2026-04-09 12:16:27 [INFO    ] easm-aegis: [BREACH] IntelX: cns@servicenow.com found in 3 sources (password: NO)
2026-04-09 12:16:27 [INFO    ] easm-aegis:   [BREACHED] cns@servicenow.com (via: intelx)
2026-04-09 12:16:29 [INFO    ] easm-aegis: [BREACH] Checking danielle.busch@servicenow.com via IntelX...
2026-04-09 12:16:53 [INFO    ] easm-aegis: [BREACH] IntelX: danielle.busch@servicenow.com found in 1 sources (password: NO)
2026-04-09 12:16:53 [INFO    ] easm-aegis:   [BREACHED] danielle.busch@servicenow.com (via: intelx)
2026-04-09 12:16:55 [INFO    ] easm-aegis: [BREACH] Checking darren.maglidt@servicenow.com via IntelX...
2026-04-09 12:17:20 [INFO    ] easm-aegis: [BREACH] IntelX: darren.maglidt@servicenow.com found in 34 sources (password: NO)
2026-04-09 12:17:20 [INFO    ] easm-aegis:   [BREACHED] darren.maglidt@servicenow.com (via: intelx)
2026-04-09 12:17:22 [INFO    ] easm-aegis: [BREACH] Checking dave.shepard@servicenow.com via IntelX...
2026-04-09 12:17:47 [INFO    ] easm-aegis: [BREACH] IntelX: dave.shepard@servicenow.com found in 2 sources (password: NO)
2026-04-09 12:17:47 [INFO    ] easm-aegis:   [BREACHED] dave.shepard@servicenow.com (via: intelx)
2026-04-09 12:17:49 [INFO    ] easm-aegis: [BREACH] Checking david.biscan@servicenow.com via IntelX...
2026-04-09 12:18:14 [INFO    ] easm-aegis: [BREACH] IntelX: david.biscan@servicenow.com found in 2 sources (password: NO)
2026-04-09 12:18:14 [INFO    ] easm-aegis:   [BREACHED] david.biscan@servicenow.com (via: intelx)
2026-04-09 12:18:16 [INFO    ] easm-aegis: [BREACH] Checking dean.hervey@servicenow.com via IntelX...
2026-04-09 12:18:41 [INFO    ] easm-aegis: [BREACH] IntelX: dean.hervey@servicenow.com found in 18 sources (password: NO)
2026-04-09 12:18:41 [INFO    ] easm-aegis:   [BREACHED] dean.hervey@servicenow.com (via: intelx)
2026-04-09 12:18:43 [INFO    ] easm-aegis: [BREACH] Checking dean.klinger@servicenow.com via IntelX...
2026-04-09 12:19:07 [INFO    ] easm-aegis: [BREACH] IntelX: dean.klinger@servicenow.com found in 6 sources (password: NO)
2026-04-09 12:19:07 [INFO    ] easm-aegis:   [BREACHED] dean.klinger@servicenow.com (via: intelx)
2026-04-09 12:19:09 [INFO    ] easm-aegis: [BREACH] Checking debbie.cox@servicenow.com via IntelX...
2026-04-09 12:19:34 [INFO    ] easm-aegis: [BREACH] IntelX: debbie.cox@servicenow.com found in 2 sources (password: NO)
2026-04-09 12:19:34 [INFO    ] easm-aegis:   [BREACHED] debbie.cox@servicenow.com (via: intelx)
2026-04-09 12:19:36 [INFO    ] easm-aegis: [BREACH] Checking docfeedback@servicenow.com via IntelX...
2026-04-09 12:20:01 [INFO    ] easm-aegis: [BREACH] IntelX: docfeedback@servicenow.com found in 14 sources (password: NO)
2026-04-09 12:20:01 [INFO    ] easm-aegis:   [BREACHED] docfeedback@servicenow.com (via: intelx)
2026-04-09 12:20:03 [INFO    ] easm-aegis: [BREACH] Checking domains-it@servicenow.com via IntelX...
2026-04-09 12:20:27 [INFO    ] easm-aegis: [BREACH] IntelX: domains-it@servicenow.com found in 12 sources (password: NO)
2026-04-09 12:20:27 [INFO    ] easm-aegis:   [BREACHED] domains-it@servicenow.com (via: intelx)
2026-04-09 12:20:29 [INFO    ] easm-aegis: [BREACH] Checking doug.bowers@servicenow.com via IntelX...
2026-04-09 12:20:54 [INFO    ] easm-aegis: [BREACH] IntelX: doug.bowers@servicenow.com found in 25 sources (password: NO)
2026-04-09 12:20:54 [INFO    ] easm-aegis:   [BREACHED] doug.bowers@servicenow.com (via: intelx)
2026-04-09 12:20:56 [INFO    ] easm-aegis: [BREACH] Checking express.now@servicenow.com via IntelX...
2026-04-09 12:21:21 [INFO    ] easm-aegis: [BREACH] IntelX: express.now@servicenow.com found in 5 sources (password: NO)
2026-04-09 12:21:21 [INFO    ] easm-aegis:   [BREACHED] express.now@servicenow.com (via: intelx)
2026-04-09 12:21:23 [INFO    ] easm-aegis: [BREACH] Checking fabien.broquet@servicenow.com via IntelX...
2026-04-09 12:21:48 [INFO    ] easm-aegis: [BREACH] IntelX: fabien.broquet@servicenow.com found in 3 sources (password: NO)
2026-04-09 12:21:48 [INFO    ] easm-aegis:   [BREACHED] fabien.broquet@servicenow.com (via: intelx)
2026-04-09 12:21:50 [INFO    ] easm-aegis: [BREACH] Checking fabio.casati@servicenow.com via IntelX...
2026-04-09 12:22:14 [INFO    ] easm-aegis: [BREACH] IntelX: fabio.casati@servicenow.com found in 2 sources (password: NO)
2026-04-09 12:22:14 [INFO    ] easm-aegis:   [BREACHED] fabio.casati@servicenow.com (via: intelx)
2026-04-09 12:22:16 [INFO    ] easm-aegis: [BREACH] Checking geeta.jhamb@servicenow.com via IntelX...
2026-04-09 12:22:41 [INFO    ] easm-aegis: [BREACH] IntelX: geeta.jhamb@servicenow.com found in 7 sources (password: YES)
2026-04-09 12:22:41 [INFO    ] easm-aegis:   [BREACHED] geeta.jhamb@servicenow.com (via: intelx)
2026-04-09 12:22:43 [INFO    ] easm-aegis: [BREACH] Checking globaltalentss@servicenow.com via IntelX...
2026-04-09 12:23:08 [INFO    ] easm-aegis: [BREACH] IntelX: globaltalentss@servicenow.com found in 17 sources (password: NO)
2026-04-09 12:23:08 [INFO    ] easm-aegis:   [BREACHED] globaltalentss@servicenow.com (via: intelx)
2026-04-09 12:23:10 [INFO    ] easm-aegis: [BREACH] Checking harm.devries@servicenow.com via IntelX...
2026-04-09 12:23:35 [INFO    ] easm-aegis: [BREACH] IntelX: harm.devries@servicenow.com found in 1 sources (password: NO)
2026-04-09 12:23:35 [INFO    ] easm-aegis:   [BREACHED] harm.devries@servicenow.com (via: intelx)
2026-04-09 12:23:37 [INFO    ] easm-aegis: [BREACH] Checking immanuel.perli@servicenow.com via IntelX...
2026-04-09 12:24:01 [INFO    ] easm-aegis: [BREACH] IntelX: immanuel.perli@servicenow.com found in 2 sources (password: NO)
2026-04-09 12:24:01 [INFO    ] easm-aegis:   [BREACHED] immanuel.perli@servicenow.com (via: intelx)
2026-04-09 12:24:03 [INFO    ] easm-aegis: [BREACH] Checking info@servicenow.com via IntelX...
2026-04-09 12:24:28 [INFO    ] easm-aegis: [BREACH] IntelX: info@servicenow.com found in 18 sources (password: YES)
2026-04-09 12:24:28 [INFO    ] easm-aegis:   [BREACHED] info@servicenow.com (via: intelx)
2026-04-09 12:24:30 [INFO    ] easm-aegis: [BREACH] Checking ir@servicenow.com via IntelX...
2026-04-09 12:24:55 [INFO    ] easm-aegis: [BREACH] IntelX: ir@servicenow.com found in 6 sources (password: NO)
2026-04-09 12:24:55 [INFO    ] easm-aegis:   [BREACHED] ir@servicenow.com (via: intelx)
2026-04-09 12:24:57 [INFO    ] easm-aegis: [BREACH] Checking jahnavi.akkineni@servicenow.com via IntelX...
2026-04-09 12:25:21 [INFO    ] easm-aegis: [BREACH] IntelX: jahnavi.akkineni@servicenow.com found in 4 sources (password: YES)
2026-04-09 12:25:21 [INFO    ] easm-aegis:   [BREACHED] jahnavi.akkineni@servicenow.com (via: intelx)
2026-04-09 12:25:23 [INFO    ] easm-aegis: [BREACH] Checking james.vinh@servicenow.com via IntelX...
2026-04-09 12:25:48 [INFO    ] easm-aegis: [BREACH] IntelX: james.vinh@servicenow.com found in 4 sources (password: NO)
2026-04-09 12:25:48 [INFO    ] easm-aegis:   [BREACHED] james.vinh@servicenow.com (via: intelx)
2026-04-09 12:25:50 [INFO    ] easm-aegis: [BREACH] Checking jason.cleeve@servicenow.com via IntelX...
2026-04-09 12:26:15 [INFO    ] easm-aegis: [BREACH] IntelX: jason.cleeve@servicenow.com found in 18 sources (password: NO)
2026-04-09 12:26:15 [INFO    ] easm-aegis:   [BREACHED] jason.cleeve@servicenow.com (via: intelx)
2026-04-09 12:26:17 [INFO    ] easm-aegis: [BREACH] Checking jdonahoe@servicenow.com via IntelX...
2026-04-09 12:26:41 [INFO    ] easm-aegis: [BREACH] IntelX: jdonahoe@servicenow.com found in 5 sources (password: NO)
2026-04-09 12:26:41 [INFO    ] easm-aegis:   [BREACHED] jdonahoe@servicenow.com (via: intelx)
2026-04-09 12:26:43 [INFO    ] easm-aegis: [BREACH] Checking jeddah.deloria@servicenow.com via IntelX...
2026-04-09 12:27:08 [INFO    ] easm-aegis: [BREACH] IntelX: jeddah.deloria@servicenow.com found in 7 sources (password: NO)
2026-04-09 12:27:08 [INFO    ] easm-aegis:   [BREACHED] jeddah.deloria@servicenow.com (via: intelx)
2026-04-09 12:27:10 [INFO    ] easm-aegis: [BREACH] Checking jeff.burney@servicenow.com via IntelX...
2026-04-09 12:27:35 [INFO    ] easm-aegis: [BREACH] IntelX: jeff.burney@servicenow.com found in 5 sources (password: NO)
2026-04-09 12:27:35 [INFO    ] easm-aegis:   [BREACHED] jeff.burney@servicenow.com (via: intelx)
2026-04-09 12:27:37 [INFO    ] easm-aegis: [BREACH] Checking jeffrey.hausman@servicenow.com via IntelX...
2026-04-09 12:28:02 [INFO    ] easm-aegis: [BREACH] IntelX: jeffrey.hausman@servicenow.com found in 39 sources (password: NO)
2026-04-09 12:28:02 [INFO    ] easm-aegis:   [BREACHED] jeffrey.hausman@servicenow.com (via: intelx)
2026-04-09 12:28:04 [INFO    ] easm-aegis: [BREACH] Checking jessica.bruns@servicenow.com via IntelX...
2026-04-09 12:28:29 [INFO    ] easm-aegis: [BREACH] IntelX: jessica.bruns@servicenow.com found in 6 sources (password: NO)
2026-04-09 12:28:29 [INFO    ] easm-aegis:   [BREACHED] jessica.bruns@servicenow.com (via: intelx)
2026-04-09 12:28:31 [INFO    ] easm-aegis: [BREACH] Checking jocelyne.lalonde@servicenow.com via IntelX...
2026-04-09 12:28:42 [WARNING ] easm-aegis: [BREACH] IntelX quota exceeded
2026-04-09 12:28:42 [INFO    ] easm-aegis:   [Clean] jocelyne.lalonde@servicenow.com (via: none)
2026-04-09 12:28:44 [INFO    ] easm-aegis: [BREACH] Checking johanna.lansisaari@servicenow.com via IntelX...
2026-04-09 12:28:56 [WARNING ] easm-aegis: [BREACH] IntelX quota exceeded
2026-04-09 12:28:56 [INFO    ] easm-aegis:   [Clean] johanna.lansisaari@servicenow.com (via: none)
2026-04-09 12:28:58 [INFO    ] easm-aegis: [BREACH] Checking jon.crane@servicenow.com via IntelX...
2026-04-09 12:29:09 [WARNING ] easm-aegis: [BREACH] IntelX quota exceeded
2026-04-09 12:29:09 [INFO    ] easm-aegis:   [Clean] jon.crane@servicenow.com (via: none)
2026-04-09 12:29:11 [INFO    ] easm-aegis: [BREACH] Checking jose.martinez@servicenow.com via IntelX...
2026-04-09 12:29:22 [WARNING ] easm-aegis: [BREACH] IntelX quota exceeded
2026-04-09 12:29:22 [INFO    ] easm-aegis:   [Clean] jose.martinez@servicenow.com (via: none)
2026-04-09 12:29:24 [INFO    ] easm-aegis: [BREACH] Checking karen.lazarenko@servicenow.com via IntelX...
2026-04-09 12:29:36 [WARNING ] easm-aegis: [BREACH] IntelX quota exceeded
2026-04-09 12:29:36 [INFO    ] easm-aegis:   [Clean] karen.lazarenko@servicenow.com (via: none)
2026-04-09 12:29:38 [INFO    ] easm-aegis: [BREACH] Checking kathleen.hanson@servicenow.com via IntelX...
2026-04-09 12:29:49 [WARNING ] easm-aegis: [BREACH] IntelX quota exceeded
2026-04-09 12:29:49 [INFO    ] easm-aegis:   [Clean] kathleen.hanson@servicenow.com (via: none)
2026-04-09 12:29:51 [INFO    ] easm-aegis: [BREACH] Checking kayla.arroyave@servicenow.com via IntelX...
2026-04-09 12:30:02 [WARNING ] easm-aegis: [BREACH] IntelX quota exceeded
2026-04-09 12:30:02 [INFO    ] easm-aegis:   [Clean] kayla.arroyave@servicenow.com (via: none)
2026-04-09 12:30:04 [INFO    ] easm-aegis: [BREACH] Checking kyle.cantarilho@servicenow.com via IntelX...
2026-04-09 12:30:16 [WARNING ] easm-aegis: [BREACH] IntelX quota exceeded
2026-04-09 12:30:16 [INFO    ] easm-aegis:   [Clean] kyle.cantarilho@servicenow.com (via: none)
2026-04-09 12:30:18 [INFO    ] easm-aegis: [BREACH] Checking kyle.reed@servicenow.com via IntelX...
2026-04-09 12:30:29 [WARNING ] easm-aegis: [BREACH] IntelX quota exceeded
2026-04-09 12:30:29 [INFO    ] easm-aegis:   [Clean] kyle.reed@servicenow.com (via: none)
2026-04-09 12:30:31 [INFO    ] easm-aegis: [BREACH] Checking legal-lobbying@servicenow.com via IntelX...
2026-04-09 12:30:42 [WARNING ] easm-aegis: [BREACH] IntelX quota exceeded
2026-04-09 12:30:42 [INFO    ] easm-aegis:   [Clean] legal-lobbying@servicenow.com (via: none)
2026-04-09 12:30:44 [INFO    ] easm-aegis: [BREACH] Checking legalnotices@servicenow.com via IntelX...
2026-04-09 12:30:56 [WARNING ] easm-aegis: [BREACH] IntelX quota exceeded
2026-04-09 12:30:56 [INFO    ] easm-aegis:   [Clean] legalnotices@servicenow.com (via: none)
2026-04-09 12:30:58 [INFO    ] easm-aegis: [BREACH] Checking manish.kothari@servicenow.com via IntelX...
2026-04-09 12:31:09 [WARNING ] easm-aegis: [BREACH] IntelX quota exceeded
2026-04-09 12:31:09 [INFO    ] easm-aegis:   [Clean] manish.kothari@servicenow.com (via: none)
2026-04-09 12:31:11 [INFO    ] easm-aegis: [BREACH] Checking martha.gilbertson@servicenow.com via IntelX...
2026-04-09 12:31:22 [WARNING ] easm-aegis: [BREACH] IntelX quota exceeded
2026-04-09 12:31:22 [INFO    ] easm-aegis:   [Clean] martha.gilbertson@servicenow.com (via: none)
2026-04-09 12:31:24 [INFO    ] easm-aegis: [BREACH] Checking max.eversfield@servicenow.com via IntelX...
2026-04-09 12:31:36 [WARNING ] easm-aegis: [BREACH] IntelX quota exceeded
2026-04-09 12:31:36 [INFO    ] easm-aegis:   [Clean] max.eversfield@servicenow.com (via: none)
2026-04-09 12:31:38 [INFO    ] easm-aegis: [BREACH] Checking michael.dunn@servicenow.com via IntelX...
2026-04-09 12:31:49 [WARNING ] easm-aegis: [BREACH] IntelX quota exceeded
2026-04-09 12:31:49 [INFO    ] easm-aegis:   [Clean] michael.dunn@servicenow.com (via: none)
2026-04-09 12:31:51 [INFO    ] easm-aegis: [BREACH] Checking mike.swafford@servicenow.com via IntelX...
2026-04-09 12:32:02 [WARNING ] easm-aegis: [BREACH] IntelX quota exceeded
2026-04-09 12:32:02 [INFO    ] easm-aegis:   [Clean] mike.swafford@servicenow.com (via: none)
2026-04-09 12:32:04 [INFO    ] easm-aegis: [BREACH] Checking montana.brown@servicenow.com via IntelX...
2026-04-09 12:32:16 [WARNING ] easm-aegis: [BREACH] IntelX quota exceeded
2026-04-09 12:32:16 [INFO    ] easm-aegis:   [Clean] montana.brown@servicenow.com (via: none)
2026-04-09 12:32:18 [INFO    ] easm-aegis: [BREACH] Checking nicholas.miller@servicenow.com via IntelX...
2026-04-09 12:32:29 [WARNING ] easm-aegis: [BREACH] IntelX quota exceeded
2026-04-09 12:32:29 [INFO    ] easm-aegis:   [Clean] nicholas.miller@servicenow.com (via: none)
2026-04-09 12:32:31 [INFO    ] easm-aegis: [BREACH] Checking nichole.francis@servicenow.com via IntelX...
2026-04-09 12:32:42 [WARNING ] easm-aegis: [BREACH] IntelX quota exceeded
2026-04-09 12:32:42 [INFO    ] easm-aegis:   [Clean] nichole.francis@servicenow.com (via: none)
2026-04-09 12:32:44 [INFO    ] easm-aegis: [BREACH] Checking nishar.fatema@servicenow.com via IntelX...
2026-04-09 12:32:55 [WARNING ] easm-aegis: [BREACH] IntelX quota exceeded
2026-04-09 12:32:55 [INFO    ] easm-aegis:   [Clean] nishar.fatema@servicenow.com (via: none)
2026-04-09 12:32:57 [INFO    ] easm-aegis: [BREACH] Checking pamela.olomola@servicenow.com via IntelX...
2026-04-09 12:33:09 [WARNING ] easm-aegis: [BREACH] IntelX quota exceeded
2026-04-09 12:33:09 [INFO    ] easm-aegis:   [Clean] pamela.olomola@servicenow.com (via: none)
2026-04-09 12:33:11 [INFO    ] easm-aegis: [BREACH] Checking ross.tackett@servicenow.com via IntelX...
2026-04-09 12:33:22 [WARNING ] easm-aegis: [BREACH] IntelX quota exceeded
2026-04-09 12:33:22 [INFO    ] easm-aegis:   [Clean] ross.tackett@servicenow.com (via: none)
2026-04-09 12:33:24 [INFO    ] easm-aegis: [BREACH] Checking russell.elmer@servicenow.com via IntelX...
2026-04-09 12:33:35 [WARNING ] easm-aegis: [BREACH] IntelX quota exceeded
2026-04-09 12:33:35 [INFO    ] easm-aegis:   [Clean] russell.elmer@servicenow.com (via: none)
2026-04-09 12:33:37 [INFO    ] easm-aegis: [BREACH] Checking ryan.fraser@servicenow.com via IntelX...
2026-04-09 12:33:49 [WARNING ] easm-aegis: [BREACH] IntelX quota exceeded
2026-04-09 12:33:49 [INFO    ] easm-aegis:   [Clean] ryan.fraser@servicenow.com (via: none)
2026-04-09 12:33:51 [INFO    ] easm-aegis: [BREACH] Checking sacha.louboff@servicenow.com via IntelX...
2026-04-09 12:34:02 [WARNING ] easm-aegis: [BREACH] IntelX quota exceeded
2026-04-09 12:34:02 [INFO    ] easm-aegis:   [Clean] sacha.louboff@servicenow.com (via: none)
2026-04-09 12:34:04 [INFO    ] easm-aegis: [BREACH] Checking sascha.wildgrube@servicenow.com via IntelX...
2026-04-09 12:34:15 [WARNING ] easm-aegis: [BREACH] IntelX quota exceeded
2026-04-09 12:34:15 [INFO    ] easm-aegis:   [Clean] sascha.wildgrube@servicenow.com (via: none)
2026-04-09 12:34:17 [INFO    ] easm-aegis: [BREACH] Checking satish.nanjugowda@servicenow.com via IntelX...
2026-04-09 12:34:29 [WARNING ] easm-aegis: [BREACH] IntelX quota exceeded
2026-04-09 12:34:29 [INFO    ] easm-aegis:   [Clean] satish.nanjugowda@servicenow.com (via: none)
2026-04-09 12:34:31 [INFO    ] easm-aegis: [BREACH] Checking scher408.916.6566press@servicenow.com via IntelX...
2026-04-09 12:34:42 [WARNING ] easm-aegis: [BREACH] IntelX quota exceeded
2026-04-09 12:34:42 [INFO    ] easm-aegis:   [Clean] scher408.916.6566press@servicenow.com (via: none)
2026-04-09 12:34:44 [INFO    ] easm-aegis: [BREACH] Checking scott.gaus@servicenow.com via IntelX...
2026-04-09 12:34:55 [WARNING ] easm-aegis: [BREACH] IntelX quota exceeded
2026-04-09 12:34:55 [INFO    ] easm-aegis:   [Clean] scott.gaus@servicenow.com (via: none)
2026-04-09 12:34:57 [INFO    ] easm-aegis: [BREACH] Checking scott.poling@servicenow.com via IntelX...
2026-04-09 12:35:09 [WARNING ] easm-aegis: [BREACH] IntelX quota exceeded
2026-04-09 12:35:09 [INFO    ] easm-aegis:   [Clean] scott.poling@servicenow.com (via: none)
2026-04-09 12:35:11 [INFO    ] easm-aegis: [BREACH] Checking shilpa.keshri@servicenow.com via IntelX...
2026-04-09 12:35:22 [WARNING ] easm-aegis: [BREACH] IntelX quota exceeded
2026-04-09 12:35:22 [INFO    ] easm-aegis:   [Clean] shilpa.keshri@servicenow.com (via: none)
2026-04-09 12:35:24 [INFO    ] easm-aegis: [BREACH] Checking stephanie.mrakovich@servicenow.com via IntelX...
2026-04-09 12:35:35 [WARNING ] easm-aegis: [BREACH] IntelX quota exceeded
2026-04-09 12:35:35 [INFO    ] easm-aegis:   [Clean] stephanie.mrakovich@servicenow.com (via: none)
2026-04-09 12:35:37 [INFO    ] easm-aegis: [BREACH] Checking steve.ward@servicenow.com via IntelX...
2026-04-09 12:35:49 [WARNING ] easm-aegis: [BREACH] IntelX quota exceeded
2026-04-09 12:35:49 [INFO    ] easm-aegis:   [Clean] steve.ward@servicenow.com (via: none)
2026-04-09 12:35:51 [INFO    ] easm-aegis: [BREACH] Checking sumit.raj@servicenow.com via IntelX...
2026-04-09 12:36:02 [WARNING ] easm-aegis: [BREACH] IntelX quota exceeded
2026-04-09 12:36:02 [INFO    ] easm-aegis:   [Clean] sumit.raj@servicenow.com (via: none)
2026-04-09 12:36:04 [INFO    ] easm-aegis: [BREACH] Checking swaroop.sinha@servicenow.com via IntelX...
2026-04-09 12:36:16 [WARNING ] easm-aegis: [BREACH] IntelX quota exceeded
2026-04-09 12:36:16 [INFO    ] easm-aegis:   [Clean] swaroop.sinha@servicenow.com (via: none)
2026-04-09 12:36:18 [INFO    ] easm-aegis: [BREACH] Checking swathi.chadalavada@servicenow.com via IntelX...
2026-04-09 12:36:29 [WARNING ] easm-aegis: [BREACH] IntelX quota exceeded
2026-04-09 12:36:29 [INFO    ] easm-aegis:   [Clean] swathi.chadalavada@servicenow.com (via: none)
2026-04-09 12:36:31 [INFO    ] easm-aegis: [BREACH] Checking talent.acquisition@servicenow.com via IntelX...
2026-04-09 12:36:42 [WARNING ] easm-aegis: [BREACH] IntelX quota exceeded
2026-04-09 12:36:42 [INFO    ] easm-aegis:   [Clean] talent.acquisition@servicenow.com (via: none)
2026-04-09 12:36:44 [INFO    ] easm-aegis: [BREACH] Checking tara.tarjoto@servicenow.com via IntelX...
2026-04-09 12:36:55 [WARNING ] easm-aegis: [BREACH] IntelX quota exceeded
2026-04-09 12:36:55 [INFO    ] easm-aegis:   [Clean] tara.tarjoto@servicenow.com (via: none)
2026-04-09 12:36:57 [INFO    ] easm-aegis: [BREACH] Checking thomas.jackson@servicenow.com via IntelX...
2026-04-09 12:37:18 [WARNING ] easm-aegis: [BREACH] IntelX timeout
2026-04-09 12:37:18 [INFO    ] easm-aegis:   [Clean] thomas.jackson@servicenow.com (via: none)
2026-04-09 12:37:20 [INFO    ] easm-aegis: [BREACH] Checking tom.oconnor@servicenow.com via IntelX...
2026-04-09 12:37:32 [WARNING ] easm-aegis: [BREACH] IntelX quota exceeded
2026-04-09 12:37:32 [INFO    ] easm-aegis:   [Clean] tom.oconnor@servicenow.com (via: none)
2026-04-09 12:37:34 [INFO    ] easm-aegis: [BREACH] Checking training@servicenow.com via IntelX...
2026-04-09 12:37:36 [WARNING ] easm-aegis: [BREACH] IntelX quota exceeded
2026-04-09 12:37:36 [INFO    ] easm-aegis:   [Clean] training@servicenow.com (via: none)
2026-04-09 12:37:38 [INFO    ] easm-aegis: [BREACH] Checking troy.azmoon@servicenow.com via IntelX...
2026-04-09 12:37:38 [DEBUG   ] easm-aegis: [THROTTLE] Sleeping 0.95s for API: intelx
2026-04-09 12:37:40 [WARNING ] easm-aegis: [BREACH] IntelX quota exceeded
2026-04-09 12:37:40 [INFO    ] easm-aegis:   [Clean] troy.azmoon@servicenow.com (via: none)
2026-04-09 12:37:42 [INFO    ] easm-aegis: [BREACH] Checking veerasekharbabu.golla@servicenow.com via IntelX...
2026-04-09 12:37:42 [DEBUG   ] easm-aegis: [THROTTLE] Sleeping 1.68s for API: intelx
2026-04-09 12:37:55 [WARNING ] easm-aegis: [BREACH] IntelX quota exceeded
2026-04-09 12:37:55 [INFO    ] easm-aegis:   [Clean] veerasekharbabu.golla@servicenow.com (via: none)
2026-04-09 12:37:57 [INFO    ] easm-aegis: [BREACH] Checking victor.bahna@servicenow.com via IntelX...
2026-04-09 12:38:08 [WARNING ] easm-aegis: [BREACH] IntelX quota exceeded
2026-04-09 12:38:08 [INFO    ] easm-aegis:   [Clean] victor.bahna@servicenow.com (via: none)
2026-04-09 12:38:10 [INFO    ] easm-aegis: [BREACH] Checking vinayak.palakkattil@servicenow.com via IntelX...
2026-04-09 12:38:21 [WARNING ] easm-aegis: [BREACH] IntelX quota exceeded
2026-04-09 12:38:21 [INFO    ] easm-aegis:   [Clean] vinayak.palakkattil@servicenow.com (via: none)
2026-04-09 12:38:23 [INFO    ] easm-aegis: [BREACH] Checking wallace.peng@servicenow.com via IntelX...
2026-04-09 12:38:35 [WARNING ] easm-aegis: [BREACH] IntelX quota exceeded
2026-04-09 12:38:35 [INFO    ] easm-aegis:   [Clean] wallace.peng@servicenow.com (via: none)
2026-04-09 12:38:37 [INFO    ] easm-aegis: [BREACH] Checking wendy.gardner@servicenow.com via IntelX...
2026-04-09 12:38:48 [WARNING ] easm-aegis: [BREACH] IntelX quota exceeded
2026-04-09 12:38:48 [INFO    ] easm-aegis:   [Clean] wendy.gardner@servicenow.com (via: none)
2026-04-09 12:38:50 [INFO    ] easm-aegis: [BREACH] Checking will.trotman@servicenow.com via IntelX...
2026-04-09 12:39:01 [WARNING ] easm-aegis: [BREACH] IntelX quota exceeded
2026-04-09 12:39:01 [INFO    ] easm-aegis:   [Clean] will.trotman@servicenow.com (via: none)
2026-04-09 12:39:03 [INFO    ] easm-aegis: [BREACH] Checking worldforumevents@servicenow.com via IntelX...
2026-04-09 12:39:15 [WARNING ] easm-aegis: [BREACH] IntelX quota exceeded
2026-04-09 12:39:15 [INFO    ] easm-aegis:   [Clean] worldforumevents@servicenow.com (via: none)
2026-04-09 12:39:17 [INFO    ] easm-aegis: [BREACH] Checking yip925.388.7205ir@servicenow.com via IntelX...
2026-04-09 12:39:28 [WARNING ] easm-aegis: [BREACH] IntelX quota exceeded
2026-04-09 12:39:28 [INFO    ] easm-aegis:   [Clean] yip925.388.7205ir@servicenow.com (via: none)
2026-04-09 12:39:28 [INFO    ] easm-aegis: [BREACH] Breach check complete:
2026-04-09 12:39:28 [INFO    ] easm-aegis:   Checked: 100
2026-04-09 12:39:28 [INFO    ] easm-aegis:   Breached: 50
2026-04-09 12:39:28 [INFO    ] easm-aegis:   Clean: 50
2026-04-09 12:39:28 [INFO    ] easm-aegis:   Password leaks: 6
2026-04-09 12:39:28 [INFO    ] easm-aegis: 
============================================================
2026-04-09 12:39:28 [INFO    ] easm-aegis: [EMAIL] Complete results for servicenow.com:
2026-04-09 12:39:28 [INFO    ] easm-aegis: [EMAIL] Emails found: 100
2026-04-09 12:39:28 [INFO    ] easm-aegis: [EMAIL] Breached: 50
2026-04-09 12:39:28 [INFO    ] easm-aegis: [EMAIL] Clean: 50
2026-04-09 12:39:28 [INFO    ] easm-aegis: [EMAIL] Password leaks: 6
2026-04-09 12:39:28 [INFO    ] easm-aegis: ============================================================
2026-04-09 12:39:28 [INFO    ] easm-aegis: Background harvest saved for servicenow.com: 100 new, 0 updated
2026-04-09 12:51:07 [INFO    ] easm-aegis: Starting port scanning on 250 hosts (3 batches)
2026-04-09 12:51:07 [INFO    ] easm-aegis: [NAABU] Processing batch 1/3 (100 hosts)...
2026-04-09 12:51:23 [INFO    ] easm-aegis: Starting port scanning on 250 hosts (3 batches)
2026-04-09 12:51:23 [INFO    ] easm-aegis: [NAABU] Processing batch 1/3 (100 hosts)...
2026-04-09 12:51:23 [INFO    ] easm-aegis: [NAABU] Batch 1/3 complete. Found 0 open ports.
2026-04-09 12:51:23 [INFO    ] easm-aegis: [NAABU] Processing batch 2/3 (100 hosts)...
2026-04-09 12:51:23 [INFO    ] easm-aegis: [NAABU] Batch 2/3 complete. Found 0 open ports.
2026-04-09 12:51:23 [INFO    ] easm-aegis: [NAABU] Processing batch 3/3 (50 hosts)...
2026-04-09 12:51:23 [INFO    ] easm-aegis: [NAABU] Batch 3/3 complete. Found 0 open ports.
2026-04-09 12:51:23 [INFO    ] easm-aegis: Port scanning complete. Total found: 0 open ports
2026-04-09 12:56:02 [INFO    ] easm-aegis: Found 1584 open ports
2026-04-09 13:02:44 [INFO    ] easm-aegis: MongoDB connected: mongodb://localhost:27017
2026-04-09 13:02:44 [INFO    ] easm-aegis: Database: easm_db
2026-04-09 13:02:44 [INFO    ] easm-aegis: MongoDB connection is alive
2026-04-09 13:02:44 [DEBUG   ] easm-aegis: targets indexes created
2026-04-09 13:02:44 [DEBUG   ] easm-aegis: subdomains indexes created
2026-04-09 13:02:44 [DEBUG   ] easm-aegis: ports_services indexes created
2026-04-09 13:02:44 [DEBUG   ] easm-aegis: http_assets indexes created
2026-04-09 13:02:44 [DEBUG   ] easm-aegis: vulnerabilities indexes created
2026-04-09 13:02:44 [DEBUG   ] easm-aegis: changes indexes created
2026-04-09 13:02:44 [DEBUG   ] easm-aegis: scan_history indexes created
2026-04-09 13:02:44 [DEBUG   ] easm-aegis: email_exposures indexes created
2026-04-09 13:02:44 [DEBUG   ] easm-aegis: passive_recon indexes created
2026-04-09 13:02:44 [INFO    ] easm-aegis: All 9 collections initialized successfully
2026-04-09 13:02:44 [INFO    ] easm-aegis: Application initialized
2026-04-09 13:02:44 [INFO    ] easm-aegis: Reports directory ready
2026-04-09 13:02:44 [INFO    ] easm-aegis: Starting AEGIS on port 5000 (debug=True)
2026-04-09 13:15:09 [INFO    ] easm-aegis: Deleted target: servicenow.com
2026-04-09 13:15:09 [DEBUG   ] easm-aegis: Cascade cleanup: {'subdomains': 959, 'ports_services': 1597, 'http_assets': 0, 'vulnerabilities': 0, 'changes': 0, 'scan_history': 1, 'email_exposures': 100, 'passive_recon': 1, 'certificates': 0, 'reports': 0, 'targets': 1, 'total_items': 2659}
2026-04-09 13:15:23 [INFO    ] easm-aegis: Added new target: servicenow.com (id: 69d7558fa684aabf1874f9fc)
2026-04-09 13:15:23 [INFO    ] easm-aegis: Email harvesting thread started for servicenow.com
2026-04-09 13:15:23 [INFO    ] easm-aegis: Background email harvest started for servicenow.com
2026-04-09 13:15:23 [INFO    ] easm-aegis: 
============================================================
2026-04-09 13:15:23 [INFO    ] easm-aegis: [EMAIL] Starting email harvest for: servicenow.com
2026-04-09 13:15:23 [INFO    ] easm-aegis: ============================================================
2026-04-09 13:15:23 [INFO    ] easm-aegis: [EMAIL] Running theHarvester on servicenow.com...
2026-04-09 13:15:23 [DEBUG   ] easm-aegis: [EMAIL] Running command: C:\Users\thapa\OneDrive\Pictures\EASM AEGIS project\easm code\venv\Scripts\python.exe -m theHarvester -d servicenow.com -b google,bing,linkedin,yahoo,dnsdumpster,threatminer -l 200 -f C:\Users\thapa\OneDrive\Pictures\EASM AEGIS project\easm code\core\..\temp\theharvester_servicenow.com.json
2026-04-09 13:15:26 [DEBUG   ] easm-aegis: [EMAIL] theHarvester output sample: Read proxies.yaml from C:\Users\thapa\.theHarvester\proxies.yaml


2026-04-09 13:15:26 [INFO    ] easm-aegis: [EMAIL] Extracted 0 emails from text output
2026-04-09 13:15:26 [INFO    ] easm-aegis: [EMAIL] theHarvester found 0 emails total
2026-04-09 13:15:26 [INFO    ] easm-aegis: [EMAIL] Querying Hunter.io for servicenow.com...
2026-04-09 13:15:34 [INFO    ] easm-aegis: ============================================================
2026-04-09 13:15:34 [INFO    ] easm-aegis: Full scan starting for: servicenow.com (scan_id: 69d7559aa684aabf1874f9fd)
2026-04-09 13:15:34 [INFO    ] easm-aegis: ============================================================
2026-04-09 13:15:34 [INFO    ] easm-aegis: ============================================================
2026-04-09 13:15:34 [INFO    ] easm-aegis: Starting full scan — ID: 69d7559aa684aabf1874f9fd
2026-04-09 13:15:34 [INFO    ] easm-aegis: Target: servicenow.com
2026-04-09 13:15:34 [INFO    ] easm-aegis: ============================================================
2026-04-09 13:15:58 [WARNING ] easm-aegis: [EMAIL] Hunter.io HTTP 400
2026-04-09 13:15:58 [INFO    ] easm-aegis: [EMAIL] Querying Phonebook.cz for servicenow.com...
2026-04-09 13:16:18 [INFO    ] easm-aegis: [SHODAN] Discovering subdomains for {domain}...
2026-04-09 13:16:20 [INFO    ] easm-aegis: [SHODAN] Searching for hosts matching {domain}...
2026-04-09 13:16:22 [INFO    ] easm-aegis: [SHODAN] Found 997 results
2026-04-09 13:16:22 [INFO    ] easm-aegis: [SHODAN]   Subdomains: 649
2026-04-09 13:16:22 [INFO    ] easm-aegis: [SHODAN]   IPs: 100
2026-04-09 13:16:22 [INFO    ] easm-aegis: [SHODAN]   Ports: 2
2026-04-09 13:16:22 [INFO    ] easm-aegis: [SHODAN]   CVEs: 0
2026-04-09 13:16:23 [INFO    ] easm-aegis: Phase 0a: Shodan — 649 subs, 2 ports, 0 CVEs
2026-04-09 13:16:23 [ERROR   ] easm-aegis: Phase 0 failed: cannot import name 'is_available' from 'core.censys_recon' (C:\Users\thapa\OneDrive\Pictures\EASM AEGIS project\easm code\core\censys_recon.py)
Traceback (most recent call last):
  File "C:\Users\thapa\OneDrive\Pictures\EASM AEGIS project\easm code\core\scanner.py", line 658, in run_full_scan
    from core.censys_recon import (
    ...<2 lines>...
    )
ImportError: cannot import name 'is_available' from 'core.censys_recon' (C:\Users\thapa\OneDrive\Pictures\EASM AEGIS project\easm code\core\censys_recon.py)
2026-04-09 13:16:23 [INFO    ] easm-aegis: [SUBFINDER] Running: C:\Users\thapa\OneDrive\Pictures\EASM AEGIS project\easm code\tools\subfinder.exe -d servicenow.com -silent -oJ
2026-04-09 13:16:34 [INFO    ] easm-aegis: [EMAIL] Phonebook.cz found 100 emails
2026-04-09 13:16:34 [INFO    ] easm-aegis: 
[EMAIL] Harvest complete:
2026-04-09 13:16:34 [INFO    ] easm-aegis: [EMAIL] Total unique emails: 100
2026-04-09 13:16:34 [INFO    ] easm-aegis:   [✓] theharvester: 0 emails
2026-04-09 13:16:34 [INFO    ] easm-aegis:   [✗] hunter_io: 0 emails
2026-04-09 13:16:34 [INFO    ] easm-aegis:   [✓] phonebook: 100 emails
2026-04-09 13:16:34 [INFO    ] easm-aegis: [BREACH] Checking 100 emails for breaches...
2026-04-09 13:16:34 [INFO    ] easm-aegis: [BREACH] Checking abel.tuter@servicenow.com via IntelX...
2026-04-09 13:16:45 [WARNING ] easm-aegis: [BREACH] IntelX quota exceeded
2026-04-09 13:16:45 [INFO    ] easm-aegis:   [Clean] abel.tuter@servicenow.com (via: none)
2026-04-09 13:16:47 [INFO    ] easm-aegis: [BREACH] Checking abeltuter@servicenow.com via IntelX...
2026-04-09 13:16:59 [WARNING ] easm-aegis: [BREACH] IntelX quota exceeded
2026-04-09 13:16:59 [INFO    ] easm-aegis:   [Clean] abeltuter@servicenow.com (via: none)
2026-04-09 13:16:59 [INFO    ] easm-aegis: [CRT.SH] Querying certificate transparency logs for servicenow.com
2026-04-09 13:17:01 [INFO    ] easm-aegis: [BREACH] Checking abeltutor@servicenow.com via IntelX...
2026-04-09 13:17:12 [WARNING ] easm-aegis: [BREACH] IntelX quota exceeded
2026-04-09 13:17:12 [INFO    ] easm-aegis:   [Clean] abeltutor@servicenow.com (via: none)
2026-04-09 13:17:14 [INFO    ] easm-aegis: [BREACH] Checking accountsreceivable@servicenow.com via IntelX...
2026-04-09 13:17:25 [WARNING ] easm-aegis: [BREACH] IntelX quota exceeded
2026-04-09 13:17:25 [INFO    ] easm-aegis:   [Clean] accountsreceivable@servicenow.com (via: none)
2026-04-09 13:17:27 [INFO    ] easm-aegis: [BREACH] Checking accountsreceivablebv@servicenow.com via IntelX...
2026-04-09 13:17:38 [WARNING ] easm-aegis: [BREACH] IntelX quota exceeded
2026-04-09 13:17:38 [INFO    ] easm-aegis:   [Clean] accountsreceivablebv@servicenow.com (via: none)
2026-04-09 13:17:40 [INFO    ] easm-aegis: [BREACH] Checking alexander.acree@servicenow.com via IntelX...
2026-04-09 13:17:51 [WARNING ] easm-aegis: [BREACH] IntelX quota exceeded
2026-04-09 13:17:51 [INFO    ] easm-aegis:   [Clean] alexander.acree@servicenow.com (via: none)
2026-04-09 13:17:51 [WARNING ] easm-aegis: [CRT.SH] Request timed out for servicenow.com
2026-04-09 13:17:51 [INFO    ] easm-aegis: [SUBFINDER] Found 714 subdomains for servicenow.com
2026-04-09 13:17:51 [INFO    ] easm-aegis: Merged: 714 active + 649 passive = 966 total subdomains
2026-04-09 13:17:53 [INFO    ] easm-aegis: Phase 1 complete: 966 subdomains
2026-04-09 13:17:53 [INFO    ] easm-aegis: Passive covered 14 hosts (Shodan: 14, Censys: 0), Naabu scanning 956
2026-04-09 13:17:53 [INFO    ] easm-aegis: Starting port scanning on 956 hosts (10 batches)
2026-04-09 13:17:53 [INFO    ] easm-aegis: [NAABU] Processing batch 1/10 (100 hosts)...
2026-04-09 13:17:53 [INFO    ] easm-aegis: [BREACH] Checking alexandre.drouin@servicenow.com via IntelX...
2026-04-09 13:18:04 [WARNING ] easm-aegis: [BREACH] IntelX quota exceeded
2026-04-09 13:18:04 [INFO    ] easm-aegis:   [Clean] alexandre.drouin@servicenow.com (via: none)
2026-04-09 13:18:06 [INFO    ] easm-aegis: [BREACH] Checking alok.raykar@servicenow.com via IntelX...
2026-04-09 13:18:17 [WARNING ] easm-aegis: [BREACH] IntelX quota exceeded
2026-04-09 13:18:17 [INFO    ] easm-aegis:   [Clean] alok.raykar@servicenow.com (via: none)
2026-04-09 13:18:19 [INFO    ] easm-aegis: [BREACH] Checking andrew.blazhiyevskiy@servicenow.com via IntelX...
2026-04-09 13:18:30 [WARNING ] easm-aegis: [BREACH] IntelX quota exceeded
2026-04-09 13:18:31 [INFO    ] easm-aegis:   [Clean] andrew.blazhiyevskiy@servicenow.com (via: none)
2026-04-09 13:18:33 [INFO    ] easm-aegis: [BREACH] Checking annemarie.annes@servicenow.com via IntelX...
2026-04-09 13:18:44 [WARNING ] easm-aegis: [BREACH] IntelX quota exceeded
2026-04-09 13:18:44 [INFO    ] easm-aegis:   [Clean] annemarie.annes@servicenow.com (via: none)
2026-04-09 13:18:46 [INFO    ] easm-aegis: [BREACH] Checking arthur.oliveira@servicenow.com via IntelX...
2026-04-09 13:18:57 [WARNING ] easm-aegis: [BREACH] IntelX quota exceeded
2026-04-09 13:18:57 [INFO    ] easm-aegis:   [Clean] arthur.oliveira@servicenow.com (via: none)
2026-04-09 13:18:59 [INFO    ] easm-aegis: [BREACH] Checking ashton.harvey@servicenow.com via IntelX...
2026-04-09 13:19:10 [WARNING ] easm-aegis: [BREACH] IntelX quota exceeded
2026-04-09 13:19:10 [INFO    ] easm-aegis:   [Clean] ashton.harvey@servicenow.com (via: none)
2026-04-09 13:19:12 [INFO    ] easm-aegis: [BREACH] Checking badr.gharib@servicenow.com via IntelX...
2026-04-09 13:19:23 [WARNING ] easm-aegis: [BREACH] IntelX quota exceeded
2026-04-09 13:19:23 [INFO    ] easm-aegis:   [Clean] badr.gharib@servicenow.com (via: none)
2026-04-09 13:19:25 [INFO    ] easm-aegis: [BREACH] Checking ben.phillips@servicenow.com via IntelX...
2026-04-09 13:19:36 [WARNING ] easm-aegis: [BREACH] IntelX quota exceeded
2026-04-09 13:19:36 [INFO    ] easm-aegis:   [Clean] ben.phillips@servicenow.com (via: none)
2026-04-09 13:19:38 [INFO    ] easm-aegis: [BREACH] Checking ben.snyder@servicenow.com via IntelX...
2026-04-09 13:19:49 [WARNING ] easm-aegis: [BREACH] IntelX quota exceeded
2026-04-09 13:19:49 [INFO    ] easm-aegis:   [Clean] ben.snyder@servicenow.com (via: none)
2026-04-09 13:19:51 [INFO    ] easm-aegis: [BREACH] Checking bill.hansey@servicenow.com via IntelX...
2026-04-09 13:20:02 [WARNING ] easm-aegis: [BREACH] IntelX quota exceeded
2026-04-09 13:20:02 [INFO    ] easm-aegis:   [Clean] bill.hansey@servicenow.com (via: none)
2026-04-09 13:20:04 [INFO    ] easm-aegis: [BREACH] Checking bill.tang@servicenow.com via IntelX...
2026-04-09 13:20:15 [WARNING ] easm-aegis: [BREACH] IntelX quota exceeded
2026-04-09 13:20:15 [INFO    ] easm-aegis:   [Clean] bill.tang@servicenow.com (via: none)
2026-04-09 13:20:17 [INFO    ] easm-aegis: [BREACH] Checking blake.fernandez@servicenow.com via IntelX...
2026-04-09 13:20:28 [WARNING ] easm-aegis: [BREACH] IntelX quota exceeded
2026-04-09 13:20:28 [INFO    ] easm-aegis:   [Clean] blake.fernandez@servicenow.com (via: none)
2026-04-09 13:20:30 [INFO    ] easm-aegis: [BREACH] Checking bobby.edmonds@servicenow.com via IntelX...
2026-04-09 13:20:41 [WARNING ] easm-aegis: [BREACH] IntelX quota exceeded
2026-04-09 13:20:41 [INFO    ] easm-aegis:   [Clean] bobby.edmonds@servicenow.com (via: none)
2026-04-09 13:20:43 [INFO    ] easm-aegis: [BREACH] Checking brad.sullivan@servicenow.com via IntelX...
2026-04-09 13:20:54 [WARNING ] easm-aegis: [BREACH] IntelX quota exceeded
2026-04-09 13:20:54 [INFO    ] easm-aegis:   [Clean] brad.sullivan@servicenow.com (via: none)
2026-04-09 13:20:56 [INFO    ] easm-aegis: [BREACH] Checking careers@servicenow.com via IntelX...
2026-04-09 13:21:07 [WARNING ] easm-aegis: [BREACH] IntelX quota exceeded
2026-04-09 13:21:07 [INFO    ] easm-aegis:   [Clean] careers@servicenow.com (via: none)
2026-04-09 13:21:09 [INFO    ] easm-aegis: [BREACH] Checking chantal.choi@servicenow.com via IntelX...
2026-04-09 13:21:20 [WARNING ] easm-aegis: [BREACH] IntelX quota exceeded
2026-04-09 13:21:20 [INFO    ] easm-aegis:   [Clean] chantal.choi@servicenow.com (via: none)
2026-04-09 13:21:22 [INFO    ] easm-aegis: [BREACH] Checking cns@servicenow.com via IntelX...
2026-04-09 13:21:33 [WARNING ] easm-aegis: [BREACH] IntelX quota exceeded
2026-04-09 13:21:33 [INFO    ] easm-aegis:   [Clean] cns@servicenow.com (via: none)
2026-04-09 13:21:35 [INFO    ] easm-aegis: [BREACH] Checking danielle.busch@servicenow.com via IntelX...
2026-04-09 13:21:47 [WARNING ] easm-aegis: [BREACH] IntelX quota exceeded
2026-04-09 13:21:47 [INFO    ] easm-aegis:   [Clean] danielle.busch@servicenow.com (via: none)
2026-04-09 13:21:49 [INFO    ] easm-aegis: [BREACH] Checking darren.maglidt@servicenow.com via IntelX...
2026-04-09 13:22:00 [WARNING ] easm-aegis: [BREACH] IntelX quota exceeded
2026-04-09 13:22:00 [INFO    ] easm-aegis:   [Clean] darren.maglidt@servicenow.com (via: none)
2026-04-09 13:22:02 [INFO    ] easm-aegis: [BREACH] Checking dave.shepard@servicenow.com via IntelX...
2026-04-09 13:22:13 [WARNING ] easm-aegis: [BREACH] IntelX quota exceeded
2026-04-09 13:22:13 [INFO    ] easm-aegis:   [Clean] dave.shepard@servicenow.com (via: none)
2026-04-09 13:22:15 [INFO    ] easm-aegis: [BREACH] Checking david.biscan@servicenow.com via IntelX...
2026-04-09 13:22:26 [WARNING ] easm-aegis: [BREACH] IntelX quota exceeded
2026-04-09 13:22:26 [INFO    ] easm-aegis:   [Clean] david.biscan@servicenow.com (via: none)
2026-04-09 13:22:28 [INFO    ] easm-aegis: [BREACH] Checking dean.hervey@servicenow.com via IntelX...
2026-04-09 13:22:39 [WARNING ] easm-aegis: [BREACH] IntelX quota exceeded
2026-04-09 13:22:39 [INFO    ] easm-aegis:   [Clean] dean.hervey@servicenow.com (via: none)
2026-04-09 13:22:41 [INFO    ] easm-aegis: [BREACH] Checking dean.klinger@servicenow.com via IntelX...
2026-04-09 13:22:52 [WARNING ] easm-aegis: [BREACH] IntelX quota exceeded
2026-04-09 13:22:52 [INFO    ] easm-aegis:   [Clean] dean.klinger@servicenow.com (via: none)
2026-04-09 13:22:54 [INFO    ] easm-aegis: [BREACH] Checking debbie.cox@servicenow.com via IntelX...
2026-04-09 13:23:05 [WARNING ] easm-aegis: [BREACH] IntelX quota exceeded
2026-04-09 13:23:05 [INFO    ] easm-aegis:   [Clean] debbie.cox@servicenow.com (via: none)
2026-04-09 13:23:07 [INFO    ] easm-aegis: [BREACH] Checking docfeedback@servicenow.com via IntelX...
2026-04-09 13:23:18 [WARNING ] easm-aegis: [BREACH] IntelX quota exceeded
2026-04-09 13:23:18 [INFO    ] easm-aegis:   [Clean] docfeedback@servicenow.com (via: none)
2026-04-09 13:23:20 [INFO    ] easm-aegis: [BREACH] Checking domains-it@servicenow.com via IntelX...
2026-04-09 13:23:31 [WARNING ] easm-aegis: [BREACH] IntelX quota exceeded
2026-04-09 13:23:31 [INFO    ] easm-aegis:   [Clean] domains-it@servicenow.com (via: none)
2026-04-09 13:23:33 [INFO    ] easm-aegis: [BREACH] Checking doug.bowers@servicenow.com via IntelX...
2026-04-09 13:23:40 [INFO    ] easm-aegis: [NAABU] Batch 1/10 complete. Found 91 open ports.
2026-04-09 13:23:40 [INFO    ] easm-aegis: [NAABU] Processing batch 2/10 (100 hosts)...
2026-04-09 13:23:44 [WARNING ] easm-aegis: [BREACH] IntelX quota exceeded
2026-04-09 13:23:44 [INFO    ] easm-aegis:   [Clean] doug.bowers@servicenow.com (via: none)
2026-04-09 13:23:46 [INFO    ] easm-aegis: [BREACH] Checking express.now@servicenow.com via IntelX...
2026-04-09 13:23:57 [WARNING ] easm-aegis: [BREACH] IntelX quota exceeded
2026-04-09 13:23:57 [INFO    ] easm-aegis:   [Clean] express.now@servicenow.com (via: none)
2026-04-09 13:23:59 [INFO    ] easm-aegis: [BREACH] Checking fabien.broquet@servicenow.com via IntelX...
2026-04-09 13:24:10 [WARNING ] easm-aegis: [BREACH] IntelX quota exceeded
2026-04-09 13:24:10 [INFO    ] easm-aegis:   [Clean] fabien.broquet@servicenow.com (via: none)
2026-04-09 13:24:12 [INFO    ] easm-aegis: [BREACH] Checking fabio.casati@servicenow.com via IntelX...
2026-04-09 13:24:23 [WARNING ] easm-aegis: [BREACH] IntelX quota exceeded
2026-04-09 13:24:23 [INFO    ] easm-aegis:   [Clean] fabio.casati@servicenow.com (via: none)
2026-04-09 13:24:25 [INFO    ] easm-aegis: [BREACH] Checking geeta.jhamb@servicenow.com via IntelX...
2026-04-09 13:24:36 [WARNING ] easm-aegis: [BREACH] IntelX quota exceeded
2026-04-09 13:24:36 [INFO    ] easm-aegis:   [Clean] geeta.jhamb@servicenow.com (via: none)
2026-04-09 13:24:38 [INFO    ] easm-aegis: [BREACH] Checking globaltalentss@servicenow.com via IntelX...
2026-04-09 13:24:49 [WARNING ] easm-aegis: [BREACH] IntelX quota exceeded
2026-04-09 13:24:49 [INFO    ] easm-aegis:   [Clean] globaltalentss@servicenow.com (via: none)
2026-04-09 13:24:51 [INFO    ] easm-aegis: [BREACH] Checking harm.devries@servicenow.com via IntelX...
2026-04-09 13:25:02 [WARNING ] easm-aegis: [BREACH] IntelX quota exceeded
2026-04-09 13:25:02 [INFO    ] easm-aegis:   [Clean] harm.devries@servicenow.com (via: none)
2026-04-09 13:25:04 [INFO    ] easm-aegis: [BREACH] Checking immanuel.perli@servicenow.com via IntelX...
2026-04-09 13:25:15 [WARNING ] easm-aegis: [BREACH] IntelX quota exceeded
2026-04-09 13:25:15 [INFO    ] easm-aegis:   [Clean] immanuel.perli@servicenow.com (via: none)
2026-04-09 13:25:17 [INFO    ] easm-aegis: [BREACH] Checking info@servicenow.com via IntelX...
2026-04-09 13:25:28 [WARNING ] easm-aegis: [BREACH] IntelX quota exceeded
2026-04-09 13:25:28 [INFO    ] easm-aegis:   [Clean] info@servicenow.com (via: none)
2026-04-09 13:25:30 [INFO    ] easm-aegis: [BREACH] Checking ir@servicenow.com via IntelX...
2026-04-09 13:25:41 [WARNING ] easm-aegis: [BREACH] IntelX quota exceeded
2026-04-09 13:25:41 [INFO    ] easm-aegis:   [Clean] ir@servicenow.com (via: none)
2026-04-09 13:25:43 [INFO    ] easm-aegis: [BREACH] Checking jahnavi.akkineni@servicenow.com via IntelX...
2026-04-09 13:25:54 [WARNING ] easm-aegis: [BREACH] IntelX quota exceeded
2026-04-09 13:25:54 [INFO    ] easm-aegis:   [Clean] jahnavi.akkineni@servicenow.com (via: none)
2026-04-09 13:25:56 [INFO    ] easm-aegis: [BREACH] Checking james.vinh@servicenow.com via IntelX...
2026-04-09 13:26:07 [WARNING ] easm-aegis: [BREACH] IntelX quota exceeded
2026-04-09 13:26:07 [INFO    ] easm-aegis:   [Clean] james.vinh@servicenow.com (via: none)
2026-04-09 13:26:09 [INFO    ] easm-aegis: [BREACH] Checking jason.cleeve@servicenow.com via IntelX...
2026-04-09 13:26:20 [WARNING ] easm-aegis: [BREACH] IntelX quota exceeded
2026-04-09 13:26:20 [INFO    ] easm-aegis:   [Clean] jason.cleeve@servicenow.com (via: none)
2026-04-09 13:26:22 [INFO    ] easm-aegis: [BREACH] Checking jdonahoe@servicenow.com via IntelX...
2026-04-09 13:26:33 [WARNING ] easm-aegis: [BREACH] IntelX quota exceeded
2026-04-09 13:26:33 [INFO    ] easm-aegis:   [Clean] jdonahoe@servicenow.com (via: none)
2026-04-09 13:26:35 [INFO    ] easm-aegis: [BREACH] Checking jeddah.deloria@servicenow.com via IntelX...
2026-04-09 13:26:46 [WARNING ] easm-aegis: [BREACH] IntelX quota exceeded
2026-04-09 13:26:46 [INFO    ] easm-aegis:   [Clean] jeddah.deloria@servicenow.com (via: none)
2026-04-09 13:26:48 [INFO    ] easm-aegis: [BREACH] Checking jeff.burney@servicenow.com via IntelX...
2026-04-09 13:27:00 [WARNING ] easm-aegis: [BREACH] IntelX quota exceeded
2026-04-09 13:27:00 [INFO    ] easm-aegis:   [Clean] jeff.burney@servicenow.com (via: none)
2026-04-09 13:27:02 [INFO    ] easm-aegis: [BREACH] Checking jeffrey.hausman@servicenow.com via IntelX...
2026-04-09 13:27:13 [WARNING ] easm-aegis: [BREACH] IntelX quota exceeded
2026-04-09 13:27:13 [INFO    ] easm-aegis:   [Clean] jeffrey.hausman@servicenow.com (via: none)
2026-04-09 13:27:15 [INFO    ] easm-aegis: [BREACH] Checking jessica.bruns@servicenow.com via IntelX...
2026-04-09 13:27:26 [WARNING ] easm-aegis: [BREACH] IntelX quota exceeded
2026-04-09 13:27:26 [INFO    ] easm-aegis:   [Clean] jessica.bruns@servicenow.com (via: none)
2026-04-09 13:27:28 [INFO    ] easm-aegis: [BREACH] Checking jocelyne.lalonde@servicenow.com via IntelX...
2026-04-09 13:27:39 [WARNING ] easm-aegis: [BREACH] IntelX quota exceeded
2026-04-09 13:27:39 [INFO    ] easm-aegis:   [Clean] jocelyne.lalonde@servicenow.com (via: none)
2026-04-09 13:27:41 [INFO    ] easm-aegis: [BREACH] Checking johanna.lansisaari@servicenow.com via IntelX...
2026-04-09 13:27:52 [WARNING ] easm-aegis: [BREACH] IntelX quota exceeded
2026-04-09 13:27:52 [INFO    ] easm-aegis:   [Clean] johanna.lansisaari@servicenow.com (via: none)
2026-04-09 13:27:54 [INFO    ] easm-aegis: [BREACH] Checking jon.crane@servicenow.com via IntelX...
2026-04-09 13:28:05 [WARNING ] easm-aegis: [BREACH] IntelX quota exceeded
2026-04-09 13:28:05 [INFO    ] easm-aegis:   [Clean] jon.crane@servicenow.com (via: none)
2026-04-09 13:28:07 [INFO    ] easm-aegis: [BREACH] Checking jose.martinez@servicenow.com via IntelX...
2026-04-09 13:28:18 [WARNING ] easm-aegis: [BREACH] IntelX quota exceeded
2026-04-09 13:28:18 [INFO    ] easm-aegis:   [Clean] jose.martinez@servicenow.com (via: none)
2026-04-09 13:28:20 [INFO    ] easm-aegis: [BREACH] Checking karen.lazarenko@servicenow.com via IntelX...
2026-04-09 13:28:31 [WARNING ] easm-aegis: [BREACH] IntelX quota exceeded
2026-04-09 13:28:31 [INFO    ] easm-aegis:   [Clean] karen.lazarenko@servicenow.com (via: none)
2026-04-09 13:28:33 [INFO    ] easm-aegis: [BREACH] Checking kathleen.hanson@servicenow.com via IntelX...
2026-04-09 13:28:44 [WARNING ] easm-aegis: [BREACH] IntelX quota exceeded
2026-04-09 13:28:44 [INFO    ] easm-aegis:   [Clean] kathleen.hanson@servicenow.com (via: none)
2026-04-09 13:28:46 [INFO    ] easm-aegis: [BREACH] Checking kayla.arroyave@servicenow.com via IntelX...
2026-04-09 13:28:57 [WARNING ] easm-aegis: [BREACH] IntelX quota exceeded
2026-04-09 13:28:57 [INFO    ] easm-aegis:   [Clean] kayla.arroyave@servicenow.com (via: none)
2026-04-09 13:28:59 [INFO    ] easm-aegis: [BREACH] Checking kyle.cantarilho@servicenow.com via IntelX...
2026-04-09 13:29:10 [WARNING ] easm-aegis: [BREACH] IntelX quota exceeded
2026-04-09 13:29:10 [INFO    ] easm-aegis:   [Clean] kyle.cantarilho@servicenow.com (via: none)
2026-04-09 13:29:12 [INFO    ] easm-aegis: [NAABU] Batch 2/10 complete. Found 118 open ports.
2026-04-09 13:29:12 [INFO    ] easm-aegis: [NAABU] Processing batch 3/10 (100 hosts)...
2026-04-09 13:29:12 [INFO    ] easm-aegis: [BREACH] Checking kyle.reed@servicenow.com via IntelX...
2026-04-09 13:29:23 [WARNING ] easm-aegis: [BREACH] IntelX quota exceeded
2026-04-09 13:29:23 [INFO    ] easm-aegis:   [Clean] kyle.reed@servicenow.com (via: none)
2026-04-09 13:29:25 [INFO    ] easm-aegis: [BREACH] Checking legal-lobbying@servicenow.com via IntelX...
2026-04-09 13:29:36 [WARNING ] easm-aegis: [BREACH] IntelX quota exceeded
2026-04-09 13:29:36 [INFO    ] easm-aegis:   [Clean] legal-lobbying@servicenow.com (via: none)
2026-04-09 13:29:38 [INFO    ] easm-aegis: [BREACH] Checking legalnotices@servicenow.com via IntelX...
2026-04-09 13:29:49 [WARNING ] easm-aegis: [BREACH] IntelX quota exceeded
2026-04-09 13:29:49 [INFO    ] easm-aegis:   [Clean] legalnotices@servicenow.com (via: none)
2026-04-09 13:29:51 [INFO    ] easm-aegis: [BREACH] Checking manish.kothari@servicenow.com via IntelX...
2026-04-09 13:30:02 [WARNING ] easm-aegis: [BREACH] IntelX quota exceeded
2026-04-09 13:30:02 [INFO    ] easm-aegis:   [Clean] manish.kothari@servicenow.com (via: none)
2026-04-09 13:30:04 [INFO    ] easm-aegis: [BREACH] Checking martha.gilbertson@servicenow.com via IntelX...
2026-04-09 13:30:15 [WARNING ] easm-aegis: [BREACH] IntelX quota exceeded
2026-04-09 13:30:15 [INFO    ] easm-aegis:   [Clean] martha.gilbertson@servicenow.com (via: none)
2026-04-09 13:30:17 [INFO    ] easm-aegis: [BREACH] Checking max.eversfield@servicenow.com via IntelX...
2026-04-09 13:30:28 [WARNING ] easm-aegis: [BREACH] IntelX quota exceeded
2026-04-09 13:30:28 [INFO    ] easm-aegis:   [Clean] max.eversfield@servicenow.com (via: none)
2026-04-09 13:30:30 [INFO    ] easm-aegis: [BREACH] Checking michael.dunn@servicenow.com via IntelX...
2026-04-09 13:30:41 [WARNING ] easm-aegis: [BREACH] IntelX quota exceeded
2026-04-09 13:30:41 [INFO    ] easm-aegis:   [Clean] michael.dunn@servicenow.com (via: none)
2026-04-09 13:30:43 [INFO    ] easm-aegis: [BREACH] Checking mike.swafford@servicenow.com via IntelX...
2026-04-09 13:30:54 [WARNING ] easm-aegis: [BREACH] IntelX quota exceeded
2026-04-09 13:30:54 [INFO    ] easm-aegis:   [Clean] mike.swafford@servicenow.com (via: none)
2026-04-09 13:30:56 [INFO    ] easm-aegis: [BREACH] Checking montana.brown@servicenow.com via IntelX...
2026-04-09 13:31:07 [WARNING ] easm-aegis: [BREACH] IntelX quota exceeded
2026-04-09 13:31:07 [INFO    ] easm-aegis:   [Clean] montana.brown@servicenow.com (via: none)
2026-04-09 13:31:09 [INFO    ] easm-aegis: [BREACH] Checking nicholas.miller@servicenow.com via IntelX...
2026-04-09 13:31:21 [WARNING ] easm-aegis: [BREACH] IntelX quota exceeded
2026-04-09 13:31:21 [INFO    ] easm-aegis:   [Clean] nicholas.miller@servicenow.com (via: none)
2026-04-09 13:31:23 [INFO    ] easm-aegis: [BREACH] Checking nichole.francis@servicenow.com via IntelX...
2026-04-09 13:31:34 [WARNING ] easm-aegis: [BREACH] IntelX quota exceeded
2026-04-09 13:31:34 [INFO    ] easm-aegis:   [Clean] nichole.francis@servicenow.com (via: none)
2026-04-09 13:31:36 [INFO    ] easm-aegis: [BREACH] Checking nishar.fatema@servicenow.com via IntelX...
2026-04-09 13:31:47 [WARNING ] easm-aegis: [BREACH] IntelX quota exceeded
2026-04-09 13:31:47 [INFO    ] easm-aegis:   [Clean] nishar.fatema@servicenow.com (via: none)
2026-04-09 13:31:49 [INFO    ] easm-aegis: [BREACH] Checking pamela.olomola@servicenow.com via IntelX...
2026-04-09 13:32:01 [WARNING ] easm-aegis: [BREACH] IntelX quota exceeded
2026-04-09 13:32:01 [INFO    ] easm-aegis:   [Clean] pamela.olomola@servicenow.com (via: none)
2026-04-09 13:32:03 [INFO    ] easm-aegis: [BREACH] Checking ross.tackett@servicenow.com via IntelX...
2026-04-09 13:32:14 [WARNING ] easm-aegis: [BREACH] IntelX quota exceeded
2026-04-09 13:32:14 [INFO    ] easm-aegis:   [Clean] ross.tackett@servicenow.com (via: none)
2026-04-09 13:32:16 [INFO    ] easm-aegis: [BREACH] Checking russell.elmer@servicenow.com via IntelX...
2026-04-09 13:32:27 [WARNING ] easm-aegis: [BREACH] IntelX quota exceeded
2026-04-09 13:32:27 [INFO    ] easm-aegis:   [Clean] russell.elmer@servicenow.com (via: none)
2026-04-09 13:32:29 [INFO    ] easm-aegis: [BREACH] Checking ryan.fraser@servicenow.com via IntelX...
2026-04-09 13:32:41 [WARNING ] easm-aegis: [BREACH] IntelX quota exceeded
2026-04-09 13:32:41 [INFO    ] easm-aegis:   [Clean] ryan.fraser@servicenow.com (via: none)
2026-04-09 13:32:43 [INFO    ] easm-aegis: [BREACH] Checking sacha.louboff@servicenow.com via IntelX...
2026-04-09 13:32:54 [WARNING ] easm-aegis: [BREACH] IntelX quota exceeded
2026-04-09 13:32:54 [INFO    ] easm-aegis:   [Clean] sacha.louboff@servicenow.com (via: none)
2026-04-09 13:32:56 [INFO    ] easm-aegis: [BREACH] Checking sascha.wildgrube@servicenow.com via IntelX...
2026-04-09 13:33:07 [WARNING ] easm-aegis: [BREACH] IntelX quota exceeded
2026-04-09 13:33:07 [INFO    ] easm-aegis:   [Clean] sascha.wildgrube@servicenow.com (via: none)
2026-04-09 13:33:09 [INFO    ] easm-aegis: [BREACH] Checking satish.nanjugowda@servicenow.com via IntelX...
2026-04-09 13:33:21 [WARNING ] easm-aegis: [BREACH] IntelX quota exceeded
2026-04-09 13:33:21 [INFO    ] easm-aegis:   [Clean] satish.nanjugowda@servicenow.com (via: none)
2026-04-09 13:33:23 [INFO    ] easm-aegis: [BREACH] Checking scher408.916.6566press@servicenow.com via IntelX...
2026-04-09 13:33:34 [WARNING ] easm-aegis: [BREACH] IntelX quota exceeded
2026-04-09 13:33:34 [INFO    ] easm-aegis:   [Clean] scher408.916.6566press@servicenow.com (via: none)
2026-04-09 13:33:36 [INFO    ] easm-aegis: [BREACH] Checking scott.gaus@servicenow.com via IntelX...
2026-04-09 13:33:47 [WARNING ] easm-aegis: [BREACH] IntelX quota exceeded
2026-04-09 13:33:47 [INFO    ] easm-aegis:   [Clean] scott.gaus@servicenow.com (via: none)
2026-04-09 13:33:49 [INFO    ] easm-aegis: [BREACH] Checking scott.poling@servicenow.com via IntelX...
2026-04-09 13:34:01 [WARNING ] easm-aegis: [BREACH] IntelX quota exceeded
2026-04-09 13:34:01 [INFO    ] easm-aegis:   [Clean] scott.poling@servicenow.com (via: none)
2026-04-09 13:34:03 [INFO    ] easm-aegis: [BREACH] Checking shilpa.keshri@servicenow.com via IntelX...
2026-04-09 13:34:14 [WARNING ] easm-aegis: [BREACH] IntelX quota exceeded
2026-04-09 13:34:14 [INFO    ] easm-aegis:   [Clean] shilpa.keshri@servicenow.com (via: none)
2026-04-09 13:34:16 [INFO    ] easm-aegis: [BREACH] Checking stephanie.mrakovich@servicenow.com via IntelX...
2026-04-09 13:34:27 [WARNING ] easm-aegis: [BREACH] IntelX quota exceeded
2026-04-09 13:34:27 [INFO    ] easm-aegis:   [Clean] stephanie.mrakovich@servicenow.com (via: none)
2026-04-09 13:34:29 [INFO    ] easm-aegis: [BREACH] Checking steve.ward@servicenow.com via IntelX...
2026-04-09 13:34:41 [WARNING ] easm-aegis: [BREACH] IntelX quota exceeded
2026-04-09 13:34:41 [INFO    ] easm-aegis:   [Clean] steve.ward@servicenow.com (via: none)
2026-04-09 13:34:43 [INFO    ] easm-aegis: [BREACH] Checking sumit.raj@servicenow.com via IntelX...
2026-04-09 13:34:54 [WARNING ] easm-aegis: [BREACH] IntelX quota exceeded
2026-04-09 13:34:54 [INFO    ] easm-aegis:   [Clean] sumit.raj@servicenow.com (via: none)
2026-04-09 13:34:56 [INFO    ] easm-aegis: [BREACH] Checking swaroop.sinha@servicenow.com via IntelX...
2026-04-09 13:35:07 [WARNING ] easm-aegis: [BREACH] IntelX quota exceeded
2026-04-09 13:35:07 [INFO    ] easm-aegis:   [Clean] swaroop.sinha@servicenow.com (via: none)
2026-04-09 13:35:09 [INFO    ] easm-aegis: [BREACH] Checking swathi.chadalavada@servicenow.com via IntelX...
2026-04-09 13:35:20 [WARNING ] easm-aegis: [BREACH] IntelX quota exceeded
2026-04-09 13:35:20 [INFO    ] easm-aegis:   [Clean] swathi.chadalavada@servicenow.com (via: none)
2026-04-09 13:35:22 [INFO    ] easm-aegis: [BREACH] Checking talent.acquisition@servicenow.com via IntelX...
2026-04-09 13:35:34 [WARNING ] easm-aegis: [BREACH] IntelX quota exceeded
2026-04-09 13:35:34 [INFO    ] easm-aegis:   [Clean] talent.acquisition@servicenow.com (via: none)
2026-04-09 13:35:36 [INFO    ] easm-aegis: [BREACH] Checking tara.tarjoto@servicenow.com via IntelX...
2026-04-09 13:35:47 [WARNING ] easm-aegis: [BREACH] IntelX quota exceeded
2026-04-09 13:35:47 [INFO    ] easm-aegis:   [Clean] tara.tarjoto@servicenow.com (via: none)
2026-04-09 13:35:49 [INFO    ] easm-aegis: [BREACH] Checking thomas.jackson@servicenow.com via IntelX...
2026-04-09 13:36:01 [WARNING ] easm-aegis: [BREACH] IntelX quota exceeded
2026-04-09 13:36:01 [INFO    ] easm-aegis:   [Clean] thomas.jackson@servicenow.com (via: none)
2026-04-09 13:36:03 [INFO    ] easm-aegis: [BREACH] Checking tom.oconnor@servicenow.com via IntelX...
2026-04-09 13:36:14 [WARNING ] easm-aegis: [BREACH] IntelX quota exceeded
2026-04-09 13:36:14 [INFO    ] easm-aegis:   [Clean] tom.oconnor@servicenow.com (via: none)
2026-04-09 13:36:16 [INFO    ] easm-aegis: [BREACH] Checking training@servicenow.com via IntelX...
2026-04-09 13:36:27 [WARNING ] easm-aegis: [BREACH] IntelX quota exceeded
2026-04-09 13:36:27 [INFO    ] easm-aegis:   [Clean] training@servicenow.com (via: none)
2026-04-09 13:36:29 [INFO    ] easm-aegis: [BREACH] Checking troy.azmoon@servicenow.com via IntelX...
2026-04-09 13:36:41 [WARNING ] easm-aegis: [BREACH] IntelX quota exceeded
2026-04-09 13:36:41 [INFO    ] easm-aegis:   [Clean] troy.azmoon@servicenow.com (via: none)
2026-04-09 13:36:43 [INFO    ] easm-aegis: [BREACH] Checking veerasekharbabu.golla@servicenow.com via IntelX...
2026-04-09 13:36:54 [WARNING ] easm-aegis: [BREACH] IntelX quota exceeded
2026-04-09 13:36:54 [INFO    ] easm-aegis:   [Clean] veerasekharbabu.golla@servicenow.com (via: none)
2026-04-09 13:36:56 [INFO    ] easm-aegis: [BREACH] Checking victor.bahna@servicenow.com via IntelX...
2026-04-09 13:37:07 [WARNING ] easm-aegis: [BREACH] IntelX quota exceeded
2026-04-09 13:37:07 [INFO    ] easm-aegis:   [Clean] victor.bahna@servicenow.com (via: none)
2026-04-09 13:37:09 [INFO    ] easm-aegis: [BREACH] Checking vinayak.palakkattil@servicenow.com via IntelX...
2026-04-09 13:37:21 [WARNING ] easm-aegis: [BREACH] IntelX quota exceeded
2026-04-09 13:37:21 [INFO    ] easm-aegis:   [Clean] vinayak.palakkattil@servicenow.com (via: none)
2026-04-09 13:37:23 [INFO    ] easm-aegis: [BREACH] Checking wallace.peng@servicenow.com via IntelX...
2026-04-09 13:37:34 [WARNING ] easm-aegis: [BREACH] IntelX quota exceeded
2026-04-09 13:37:34 [INFO    ] easm-aegis:   [Clean] wallace.peng@servicenow.com (via: none)
2026-04-09 13:37:36 [INFO    ] easm-aegis: [BREACH] Checking wendy.gardner@servicenow.com via IntelX...
2026-04-09 13:37:47 [WARNING ] easm-aegis: [BREACH] IntelX quota exceeded
2026-04-09 13:37:47 [INFO    ] easm-aegis:   [Clean] wendy.gardner@servicenow.com (via: none)
2026-04-09 13:37:49 [INFO    ] easm-aegis: [BREACH] Checking will.trotman@servicenow.com via IntelX...
2026-04-09 13:38:00 [WARNING ] easm-aegis: [BREACH] IntelX quota exceeded
2026-04-09 13:38:00 [INFO    ] easm-aegis:   [Clean] will.trotman@servicenow.com (via: none)
2026-04-09 13:38:02 [INFO    ] easm-aegis: [BREACH] Checking worldforumevents@servicenow.com via IntelX...
2026-04-09 13:38:13 [WARNING ] easm-aegis: [BREACH] IntelX quota exceeded
2026-04-09 13:38:13 [INFO    ] easm-aegis:   [Clean] worldforumevents@servicenow.com (via: none)
2026-04-09 13:38:15 [INFO    ] easm-aegis: [BREACH] Checking yip925.388.7205ir@servicenow.com via IntelX...
2026-04-09 13:38:26 [WARNING ] easm-aegis: [BREACH] IntelX quota exceeded
2026-04-09 13:38:26 [INFO    ] easm-aegis:   [Clean] yip925.388.7205ir@servicenow.com (via: none)
2026-04-09 13:38:26 [INFO    ] easm-aegis: [BREACH] Breach check complete:
2026-04-09 13:38:26 [INFO    ] easm-aegis:   Checked: 100
2026-04-09 13:38:26 [INFO    ] easm-aegis:   Breached: 0
2026-04-09 13:38:26 [INFO    ] easm-aegis:   Clean: 100
2026-04-09 13:38:26 [INFO    ] easm-aegis:   Password leaks: 0
2026-04-09 13:38:26 [INFO    ] easm-aegis: 
============================================================
2026-04-09 13:38:26 [INFO    ] easm-aegis: [EMAIL] Complete results for servicenow.com:
2026-04-09 13:38:26 [INFO    ] easm-aegis: [EMAIL] Emails found: 100
2026-04-09 13:38:26 [INFO    ] easm-aegis: [EMAIL] Breached: 0
2026-04-09 13:38:26 [INFO    ] easm-aegis: [EMAIL] Clean: 100
2026-04-09 13:38:26 [INFO    ] easm-aegis: [EMAIL] Password leaks: 0
2026-04-09 13:38:26 [INFO    ] easm-aegis: ============================================================
2026-04-09 13:38:26 [INFO    ] easm-aegis: Background harvest saved for servicenow.com: 100 new, 0 updated
2026-04-09 13:39:17 [INFO    ] easm-aegis: [NAABU] Batch 3/10 complete. Found 179 open ports.
2026-04-09 13:39:17 [INFO    ] easm-aegis: [NAABU] Processing batch 4/10 (100 hosts)...
2026-04-09 13:47:13 [INFO    ] easm-aegis: [NAABU] Batch 4/10 complete. Found 104 open ports.
2026-04-09 13:47:13 [INFO    ] easm-aegis: [NAABU] Processing batch 5/10 (100 hosts)...
2026-04-09 13:54:54 [INFO    ] easm-aegis: [NAABU] Batch 5/10 complete. Found 285 open ports.
2026-04-09 13:54:54 [INFO    ] easm-aegis: [NAABU] Processing batch 6/10 (100 hosts)...
2026-04-09 14:02:49 [INFO    ] easm-aegis: [NAABU] Batch 6/10 complete. Found 242 open ports.
2026-04-09 14:02:49 [INFO    ] easm-aegis: [NAABU] Processing batch 7/10 (100 hosts)...
2026-04-09 14:12:15 [INFO    ] easm-aegis: [NAABU] Batch 7/10 complete. Found 51 open ports.
2026-04-09 14:12:15 [INFO    ] easm-aegis: [NAABU] Processing batch 8/10 (100 hosts)...
2026-04-09 14:21:10 [INFO    ] easm-aegis: [NAABU] Batch 8/10 complete. Found 294 open ports.
2026-04-09 14:21:10 [INFO    ] easm-aegis: [NAABU] Processing batch 9/10 (100 hosts)...
2026-04-09 14:27:35 [INFO    ] easm-aegis: [NAABU] Batch 9/10 complete. Found 183 open ports.
2026-04-09 14:27:35 [INFO    ] easm-aegis: [NAABU] Processing batch 10/10 (56 hosts)...
2026-04-09 14:30:54 [INFO    ] easm-aegis: [NAABU] Batch 10/10 complete. Found 37 open ports.
2026-04-09 14:30:54 [INFO    ] easm-aegis: Port scanning complete. Total found: 1584 open ports
2026-04-09 14:30:59 [INFO    ] easm-aegis: Phase 2 complete: 1598 ports (Passive: 14 hosts, Naabu: 956 hosts)
2026-04-09 14:30:59 [INFO    ] easm-aegis: [HTTPX] Starting HTTP probing on 966 hosts
2026-04-09 14:32:43 [INFO    ] easm-aegis: [HTTPX] Found 414 HTTP assets
2026-04-09 14:32:44 [INFO    ] easm-aegis: Phase 3 complete: 414 HTTP assets
2026-04-09 14:32:44 [INFO    ] easm-aegis: ============================================================
2026-04-09 14:32:44 [INFO    ] easm-aegis: INTELLIGENT SCAN PLAN v2:
2026-04-09 14:32:44 [INFO    ] easm-aegis:   Tier 1A: 0 CVE verifications across 0 hosts
2026-04-09 14:32:44 [INFO    ] easm-aegis:   Tier 1B: 51 tech-targeted hosts
2026-04-09 14:32:44 [INFO    ] easm-aegis:   Tier 2A: 1 port-informed hosts
2026-04-09 14:32:44 [INFO    ] easm-aegis:   Tier 2B: 31 header-mined hosts
2026-04-09 14:32:44 [INFO    ] easm-aegis:   Tier 2C: 420 catch-all web hosts (critical+high only)
2026-04-09 14:32:44 [INFO    ] easm-aegis:   Tier 2C-NET: 537 non-web hosts (network templates only)
2026-04-09 14:32:44 [INFO    ] easm-aegis:   Shodan CVEs: 0 total, 0 with templates, 0 without
2026-04-09 14:32:44 [INFO    ] easm-aegis: ============================================================
2026-04-09 14:32:44 [INFO    ] easm-aegis:   Tier 1B: 14 hosts with tags [apache]
2026-04-09 14:32:44 [INFO    ] easm-aegis: ==================================================
2026-04-09 14:32:44 [INFO    ] easm-aegis: Nuclei scan starting [tech-targeted (tags: apache)]
2026-04-09 14:32:44 [INFO    ] easm-aegis: Targets: 19 | Severity: critical,high,medium,low | Concurrency: 25 | Timeout: 1800s
2026-04-09 14:32:44 [DEBUG   ] easm-aegis: Targets written to: C:\Users\thapa\AppData\Local\Temp\nuclei_targets_a2g5jphn.txt (19 URLs)
2026-04-09 14:32:44 [INFO    ] easm-aegis:   Using tech tags: apache
2026-04-09 14:32:44 [INFO    ] easm-aegis: Nuclei scan running...
2026-04-09 14:32:44 [INFO    ] easm-aegis: [NUCLEI] Starting: nuclei.exe
2026-04-09 14:32:44 [INFO    ] easm-aegis: [NUCLEI] Timeout: 1800 seconds
2026-04-09 14:32:53 [DEBUG   ] easm-aegis: [NUCLEI] {"duration":"0:00:05","errors":"0","hosts":"19","matched":"0","percent":"3","requests":"507","rps":"96","startedAt":"2026-04-09T14:32:48.3192666+05:45","templates":"184","total":"14174"}
2026-04-09 14:32:58 [DEBUG   ] easm-aegis: [NUCLEI] {"duration":"0:00:10","errors":"0","hosts":"19","matched":"0","percent":"4","requests":"675","rps":"65","startedAt":"2026-04-09T14:32:48.3192666+05:45","templates":"184","total":"14174"}
2026-04-09 14:33:03 [DEBUG   ] easm-aegis: [NUCLEI] {"duration":"0:00:15","errors":"0","hosts":"19","matched":"0","percent":"6","requests":"964","rps":"63","startedAt":"2026-04-09T14:32:48.3192666+05:45","templates":"184","total":"14174"}
2026-04-09 14:33:08 [DEBUG   ] easm-aegis: [NUCLEI] {"duration":"0:00:20","errors":"0","hosts":"19","matched":"0","percent":"15","requests":"2232","rps":"110","startedAt":"2026-04-09T14:32:48.3192666+05:45","templates":"184","total":"14174"}
2026-04-09 14:33:13 [DEBUG   ] easm-aegis: [NUCLEI] {"duration":"0:00:25","errors":"0","hosts":"19","matched":"0","percent":"19","requests":"2828","rps":"111","startedAt":"2026-04-09T14:32:48.3192666+05:45","templates":"184","total":"14174"}
2026-04-09 14:33:18 [DEBUG   ] easm-aegis: [NUCLEI] {"duration":"0:00:30","errors":"0","hosts":"19","matched":"0","percent":"19","requests":"2830","rps":"93","startedAt":"2026-04-09T14:32:48.3192666+05:45","templates":"184","total":"14174"}
2026-04-09 14:33:23 [DEBUG   ] easm-aegis: [NUCLEI] {"duration":"0:00:35","errors":"0","hosts":"19","matched":"0","percent":"20","requests":"2884","rps":"81","startedAt":"2026-04-09T14:32:48.3192666+05:45","templates":"184","total":"14174"}
2026-04-09 14:33:28 [DEBUG   ] easm-aegis: [NUCLEI] {"duration":"0:00:40","errors":"1","hosts":"19","matched":"0","percent":"22","requests":"3203","rps":"79","startedAt":"2026-04-09T14:32:48.3192666+05:45","templates":"184","total":"14174"}
2026-04-09 14:33:33 [DEBUG   ] easm-aegis: [NUCLEI] {"duration":"0:00:45","errors":"1","hosts":"19","matched":"0","percent":"22","requests":"3241","rps":"71","startedAt":"2026-04-09T14:32:48.3192666+05:45","templates":"184","total":"14174"}
2026-04-09 14:33:38 [DEBUG   ] easm-aegis: [NUCLEI] {"duration":"0:00:50","errors":"3","hosts":"19","matched":"0","percent":"23","requests":"3272","rps":"65","startedAt":"2026-04-09T14:32:48.3192666+05:45","templates":"184","total":"14174"}
2026-04-09 14:33:43 [DEBUG   ] easm-aegis: [NUCLEI] {"duration":"0:00:55","errors":"38","hosts":"19","matched":"0","percent":"25","requests":"3581","rps":"64","startedAt":"2026-04-09T14:32:48.3192666+05:45","templates":"184","total":"14174"}
2026-04-09 14:33:48 [DEBUG   ] easm-aegis: [NUCLEI] {"duration":"0:01:00","errors":"54","hosts":"19","matched":"0","percent":"27","requests":"3919","rps":"65","startedAt":"2026-04-09T14:32:48.3192666+05:45","templates":"184","total":"14174"}
2026-04-09 14:33:53 [DEBUG   ] easm-aegis: [NUCLEI] {"duration":"0:01:05","errors":"74","hosts":"19","matched":"0","percent":"28","requests":"4064","rps":"62","startedAt":"2026-04-09T14:32:48.3192666+05:45","templates":"184","total":"14174"}
2026-04-09 14:33:58 [DEBUG   ] easm-aegis: [NUCLEI] {"duration":"0:01:10","errors":"76","hosts":"19","matched":"0","percent":"29","requests":"4209","rps":"59","startedAt":"2026-04-09T14:32:48.3192666+05:45","templates":"184","total":"14174"}
2026-04-09 14:34:03 [DEBUG   ] easm-aegis: [NUCLEI] {"duration":"0:01:15","errors":"94","hosts":"19","matched":"0","percent":"39","requests":"5596","rps":"74","startedAt":"2026-04-09T14:32:48.3192666+05:45","templates":"184","total":"14174"}
2026-04-09 14:34:08 [DEBUG   ] easm-aegis: [NUCLEI] {"duration":"0:01:20","errors":"110","hosts":"19","matched":"0","percent":"41","requests":"5939","rps":"74","startedAt":"2026-04-09T14:32:48.3192666+05:45","templates":"184","total":"14174"}
2026-04-09 14:34:13 [DEBUG   ] easm-aegis: [NUCLEI] {"duration":"0:01:25","errors":"130","hosts":"19","matched":"1","percent":"44","requests":"6237","rps":"73","startedAt":"2026-04-09T14:32:48.3192666+05:45","templates":"184","total":"14174"}
2026-04-09 14:34:18 [DEBUG   ] easm-aegis: [NUCLEI] {"duration":"0:01:30","errors":"130","hosts":"19","matched":"2","percent":"45","requests":"6485","rps":"71","startedAt":"2026-04-09T14:32:48.3192666+05:45","templates":"184","total":"14174"}
2026-04-09 14:34:23 [DEBUG   ] easm-aegis: [NUCLEI] {"duration":"0:01:35","errors":"263","hosts":"19","matched":"2","percent":"48","requests":"6883","rps":"72","startedAt":"2026-04-09T14:32:48.3192666+05:45","templates":"184","total":"14174"}
2026-04-09 14:34:28 [DEBUG   ] easm-aegis: [NUCLEI] {"duration":"0:01:40","errors":"303","hosts":"19","matched":"2","percent":"51","requests":"7239","rps":"72","startedAt":"2026-04-09T14:32:48.3192666+05:45","templates":"184","total":"14174"}
2026-04-09 14:34:33 [DEBUG   ] easm-aegis: [NUCLEI] {"duration":"0:01:45","errors":"310","hosts":"19","matched":"2","percent":"53","requests":"7541","rps":"71","startedAt":"2026-04-09T14:32:48.3192666+05:45","templates":"184","total":"14174"}
2026-04-09 14:34:38 [DEBUG   ] easm-aegis: [NUCLEI] {"duration":"0:01:50","errors":"316","hosts":"19","matched":"2","percent":"55","requests":"7835","rps":"71","startedAt":"2026-04-09T14:32:48.3192666+05:45","templates":"184","total":"14174"}
2026-04-09 14:34:43 [DEBUG   ] easm-aegis: [NUCLEI] {"duration":"0:01:55","errors":"318","hosts":"19","matched":"2","percent":"57","requests":"8118","rps":"70","startedAt":"2026-04-09T14:32:48.3192666+05:45","templates":"184","total":"14174"}
2026-04-09 14:34:48 [DEBUG   ] easm-aegis: [NUCLEI] {"duration":"0:02:00","errors":"328","hosts":"19","matched":"2","percent":"59","requests":"8416","rps":"69","startedAt":"2026-04-09T14:32:48.3192666+05:45","templates":"184","total":"14174"}
2026-04-09 14:34:53 [DEBUG   ] easm-aegis: [NUCLEI] {"duration":"0:02:05","errors":"332","hosts":"19","matched":"2","percent":"61","requests":"8716","rps":"69","startedAt":"2026-04-09T14:32:48.3192666+05:45","templates":"184","total":"14174"}
2026-04-09 14:34:58 [DEBUG   ] easm-aegis: [NUCLEI] {"duration":"0:02:10","errors":"374","hosts":"19","matched":"2","percent":"63","requests":"9036","rps":"69","startedAt":"2026-04-09T14:32:48.3192666+05:45","templates":"184","total":"14174"}
2026-04-09 14:35:03 [DEBUG   ] easm-aegis: [NUCLEI] {"duration":"0:02:15","errors":"386","hosts":"19","matched":"2","percent":"65","requests":"9337","rps":"69","startedAt":"2026-04-09T14:32:48.3192666+05:45","templates":"184","total":"14174"}
2026-04-09 14:35:08 [DEBUG   ] easm-aegis: [NUCLEI] {"duration":"0:02:20","errors":"392","hosts":"19","matched":"2","percent":"68","requests":"9644","rps":"68","startedAt":"2026-04-09T14:32:48.3192666+05:45","templates":"184","total":"14174"}
2026-04-09 14:35:13 [DEBUG   ] easm-aegis: [NUCLEI] {"duration":"0:02:25","errors":"398","hosts":"19","matched":"2","percent":"70","requests":"9935","rps":"68","startedAt":"2026-04-09T14:32:48.3192666+05:45","templates":"184","total":"14174"}
2026-04-09 14:35:18 [DEBUG   ] easm-aegis: [NUCLEI] {"duration":"0:02:30","errors":"404","hosts":"19","matched":"2","percent":"72","requests":"10234","rps":"68","startedAt":"2026-04-09T14:32:48.3192666+05:45","templates":"184","total":"14174"}
2026-04-09 14:35:23 [DEBUG   ] easm-aegis: [NUCLEI] {"duration":"0:02:35","errors":"410","hosts":"19","matched":"2","percent":"74","requests":"10536","rps":"67","startedAt":"2026-04-09T14:32:48.3192666+05:45","templates":"184","total":"14174"}
2026-04-09 14:35:28 [DEBUG   ] easm-aegis: [NUCLEI] {"duration":"0:02:40","errors":"418","hosts":"19","matched":"2","percent":"76","requests":"10832","rps":"67","startedAt":"2026-04-09T14:32:48.3192666+05:45","templates":"184","total":"14174"}
2026-04-09 14:35:33 [DEBUG   ] easm-aegis: [NUCLEI] {"duration":"0:02:45","errors":"426","hosts":"19","matched":"2","percent":"78","requests":"11139","rps":"67","startedAt":"2026-04-09T14:32:48.3192666+05:45","templates":"184","total":"14174"}
2026-04-09 14:35:38 [DEBUG   ] easm-aegis: [NUCLEI] {"duration":"0:02:50","errors":"436","hosts":"19","matched":"2","percent":"80","requests":"11438","rps":"67","startedAt":"2026-04-09T14:32:48.3192666+05:45","templates":"184","total":"14174"}
2026-04-09 14:35:43 [DEBUG   ] easm-aegis: [NUCLEI] {"duration":"0:02:55","errors":"440","hosts":"19","matched":"2","percent":"82","requests":"11736","rps":"66","startedAt":"2026-04-09T14:32:48.3192666+05:45","templates":"184","total":"14174"}
2026-04-09 14:35:48 [DEBUG   ] easm-aegis: [NUCLEI] {"duration":"0:03:00","errors":"450","hosts":"19","matched":"2","percent":"84","requests":"12035","rps":"66","startedAt":"2026-04-09T14:32:48.3192666+05:45","templates":"184","total":"14174"}
2026-04-09 14:35:53 [DEBUG   ] easm-aegis: [NUCLEI] {"duration":"0:03:05","errors":"456","hosts":"19","matched":"2","percent":"87","requests":"12339","rps":"66","startedAt":"2026-04-09T14:32:48.3192666+05:45","templates":"184","total":"14174"}
2026-04-09 14:35:58 [DEBUG   ] easm-aegis: [NUCLEI] {"duration":"0:03:10","errors":"464","hosts":"19","matched":"2","percent":"89","requests":"12637","rps":"66","startedAt":"2026-04-09T14:32:48.3192666+05:45","templates":"184","total":"14174"}
2026-04-09 14:36:03 [DEBUG   ] easm-aegis: [NUCLEI] {"duration":"0:03:15","errors":"472","hosts":"19","matched":"2","percent":"91","requests":"12948","rps":"66","startedAt":"2026-04-09T14:32:48.3192666+05:45","templates":"184","total":"14174"}
2026-04-09 14:36:08 [DEBUG   ] easm-aegis: [NUCLEI] {"duration":"0:03:20","errors":"482","hosts":"19","matched":"2","percent":"93","requests":"13245","rps":"66","startedAt":"2026-04-09T14:32:48.3192666+05:45","templates":"184","total":"14174"}
2026-04-09 14:36:13 [DEBUG   ] easm-aegis: [NUCLEI] {"duration":"0:03:25","errors":"484","hosts":"19","matched":"2","percent":"95","requests":"13468","rps":"65","startedAt":"2026-04-09T14:32:48.3192666+05:45","templates":"184","total":"14174"}
2026-04-09 14:36:18 [DEBUG   ] easm-aegis: [NUCLEI] {"duration":"0:03:30","errors":"488","hosts":"19","matched":"2","percent":"95","requests":"13602","rps":"64","startedAt":"2026-04-09T14:32:48.3192666+05:45","templates":"184","total":"14174"}
2026-04-09 14:36:23 [DEBUG   ] easm-aegis: [NUCLEI] {"duration":"0:03:35","errors":"488","hosts":"19","matched":"2","percent":"96","requests":"13621","rps":"63","startedAt":"2026-04-09T14:32:48.3192666+05:45","templates":"184","total":"14174"}
2026-04-09 14:36:28 [DEBUG   ] easm-aegis: [NUCLEI] {"duration":"0:03:40","errors":"488","hosts":"19","matched":"2","percent":"96","requests":"13621","rps":"61","startedAt":"2026-04-09T14:32:48.3192666+05:45","templates":"184","total":"14174"}
2026-04-09 14:36:33 [DEBUG   ] easm-aegis: [NUCLEI] {"duration":"0:03:45","errors":"488","hosts":"19","matched":"2","percent":"96","requests":"13621","rps":"60","startedAt":"2026-04-09T14:32:48.3192666+05:45","templates":"184","total":"14174"}
2026-04-09 14:36:38 [DEBUG   ] easm-aegis: [NUCLEI] {"duration":"0:03:50","errors":"490","hosts":"19","matched":"2","percent":"96","requests":"13622","rps":"59","startedAt":"2026-04-09T14:32:48.3192666+05:45","templates":"184","total":"14174"}
2026-04-09 14:36:41 [DEBUG   ] easm-aegis: [NUCLEI] {"duration":"0:03:54","errors":"490","hosts":"19","matched":"2","percent":"96","requests":"13622","rps":"58","startedAt":"2026-04-09T14:32:48.3192666+05:45","templates":"184","total":"14174"}
2026-04-09 14:36:42 [DEBUG   ] easm-aegis: [NUCLEI] {"duration":"0:03:54","errors":"490","hosts":"19","matched":"2","percent":"96","requests":"13622","rps":"58","startedAt":"2026-04-09T14:32:48.3192666+05:45","templates":"184","total":"14174"}
2026-04-09 14:36:42 [INFO    ] easm-aegis: [NUCLEI] Completed (exit code: 0)
2026-04-09 14:36:42 [DEBUG   ] easm-aegis: Raw output: 5981 bytes, 2 lines
2026-04-09 14:36:42 [INFO    ] easm-aegis:   Found [LOW] Apache mod_negotiation - Pseudo Directory Listing @ rustici.nowlearning.servicenow.com
2026-04-09 14:36:42 [INFO    ] easm-aegis:   Found [LOW] Apache mod_negotiation - Pseudo Directory Listing @ rusticidev.nowlearning.servicenow.com
2026-04-09 14:36:42 [INFO    ] easm-aegis: Nuclei scan complete [tech-targeted (tags: apache)]: 2 vulnerabilities
2026-04-09 14:36:42 [INFO    ] easm-aegis: Breakdown: Critical=0, High=0, Medium=0, Low=2, Info=0
2026-04-09 14:36:42 [INFO    ] easm-aegis:   Tier 1B: 1 hosts with tags [envoy]
2026-04-09 14:36:42 [INFO    ] easm-aegis: Nuclei batching enabled: 54 targets split into chunks of 50
2026-04-09 14:36:42 [INFO    ] easm-aegis: Running Nuclei batch 1-50 of 54 targets
2026-04-09 14:36:42 [INFO    ] easm-aegis: ==================================================
2026-04-09 14:36:42 [INFO    ] easm-aegis: Nuclei scan starting [tech-targeted (tags: envoy)]
2026-04-09 14:36:42 [INFO    ] easm-aegis: Targets: 50 | Severity: critical,high,medium,low | Concurrency: 25 | Timeout: 1800s
2026-04-09 14:36:42 [DEBUG   ] easm-aegis: Targets written to: C:\Users\thapa\AppData\Local\Temp\nuclei_targets_w84oyrio.txt (50 URLs)
2026-04-09 14:36:42 [INFO    ] easm-aegis:   Using tech tags: envoy
2026-04-09 14:36:42 [INFO    ] easm-aegis: Nuclei scan running...
2026-04-09 14:36:42 [INFO    ] easm-aegis: [NUCLEI] Starting: nuclei.exe
2026-04-09 14:36:42 [INFO    ] easm-aegis: [NUCLEI] Timeout: 1800 seconds
2026-04-09 14:36:45 [DEBUG   ] easm-aegis: [NUCLEI] {"duration":"0:00:02","errors":"0","hosts":"50","matched":"0","percent":"100","requests":"50","rps":"24","startedAt":"2026-04-09T14:36:43.4524527+05:45","templates":"1","total":"50"}
2026-04-09 14:36:45 [DEBUG   ] easm-aegis: [NUCLEI] {"duration":"0:00:02","errors":"0","hosts":"50","matched":"0","percent":"100","requests":"50","rps":"24","startedAt":"2026-04-09T14:36:43.4524527+05:45","templates":"1","total":"50"}
2026-04-09 14:36:45 [INFO    ] easm-aegis: [NUCLEI] Completed (exit code: 0)
2026-04-09 14:36:45 [DEBUG   ] easm-aegis: Raw output: 0 bytes, 0 lines
2026-04-09 14:36:45 [INFO    ] easm-aegis: Nuclei scan complete [tech-targeted (tags: envoy)]: 0 vulnerabilities
2026-04-09 14:36:45 [INFO    ] easm-aegis: Breakdown: Critical=0, High=0, Medium=0, Low=0, Info=0
2026-04-09 14:36:45 [INFO    ] easm-aegis: Running Nuclei batch 51-54 of 54 targets
2026-04-09 14:36:45 [INFO    ] easm-aegis: ==================================================
2026-04-09 14:36:45 [INFO    ] easm-aegis: Nuclei scan starting [tech-targeted (tags: envoy)]
2026-04-09 14:36:45 [INFO    ] easm-aegis: Targets: 4 | Severity: critical,high,medium,low | Concurrency: 25 | Timeout: 1800s
2026-04-09 14:36:45 [DEBUG   ] easm-aegis: Targets written to: C:\Users\thapa\AppData\Local\Temp\nuclei_targets_g7x84l4m.txt (4 URLs)
2026-04-09 14:36:45 [INFO    ] easm-aegis:   Using tech tags: envoy
2026-04-09 14:36:45 [INFO    ] easm-aegis: Nuclei scan running...
2026-04-09 14:36:45 [INFO    ] easm-aegis: [NUCLEI] Starting: nuclei.exe
2026-04-09 14:36:45 [INFO    ] easm-aegis: [NUCLEI] Timeout: 1800 seconds
2026-04-09 14:36:54 [DEBUG   ] easm-aegis: [NUCLEI] {"duration":"0:00:02","errors":"0","hosts":"4","matched":"0","percent":"100","requests":"4","rps":"1","startedAt":"2026-04-09T14:36:51.8805161+05:45","templates":"1","total":"4"}
2026-04-09 14:36:54 [DEBUG   ] easm-aegis: [NUCLEI] {"duration":"0:00:02","errors":"0","hosts":"4","matched":"0","percent":"100","requests":"4","rps":"1","startedAt":"2026-04-09T14:36:51.8805161+05:45","templates":"1","total":"4"}
2026-04-09 14:36:54 [INFO    ] easm-aegis: [NUCLEI] Completed (exit code: 0)
2026-04-09 14:36:54 [DEBUG   ] easm-aegis: Raw output: 0 bytes, 0 lines
2026-04-09 14:36:54 [INFO    ] easm-aegis: Nuclei scan complete [tech-targeted (tags: envoy)]: 0 vulnerabilities
2026-04-09 14:36:54 [INFO    ] easm-aegis: Breakdown: Critical=0, High=0, Medium=0, Low=0, Info=0
2026-04-09 14:36:54 [INFO    ] easm-aegis:   Tier 1B: 1 hosts with tags [aws,nginx,s3]
2026-04-09 14:36:54 [INFO    ] easm-aegis: ==================================================
2026-04-09 14:36:54 [INFO    ] easm-aegis: Nuclei scan starting [tech-targeted (tags: aws,nginx,s3)]
2026-04-09 14:36:54 [INFO    ] easm-aegis: Targets: 1 | Severity: critical,high,medium,low | Concurrency: 25 | Timeout: 1800s
2026-04-09 14:36:54 [DEBUG   ] easm-aegis: Targets written to: C:\Users\thapa\AppData\Local\Temp\nuclei_targets_jt1rdske.txt (1 URLs)
2026-04-09 14:36:54 [INFO    ] easm-aegis:   Using tech tags: aws,nginx,s3
2026-04-09 14:36:54 [INFO    ] easm-aegis: Nuclei scan running...
2026-04-09 14:36:54 [INFO    ] easm-aegis: [NUCLEI] Starting: nuclei.exe
2026-04-09 14:36:54 [INFO    ] easm-aegis: [NUCLEI] Timeout: 1800 seconds
2026-04-09 14:37:00 [DEBUG   ] easm-aegis: [NUCLEI] {"duration":"0:00:04","errors":"0","hosts":"1","matched":"0","percent":"100","requests":"275","rps":"61","startedAt":"2026-04-09T14:36:56.3331185+05:45","templates":"34","total":"275"}
2026-04-09 14:37:00 [DEBUG   ] easm-aegis: [NUCLEI] {"duration":"0:00:05","errors":"0","hosts":"1","matched":"0","percent":"100","requests":"275","rps":"61","startedAt":"2026-04-09T14:36:56.3331185+05:45","templates":"34","total":"275"}
2026-04-09 14:37:03 [INFO    ] easm-aegis: [NUCLEI] Completed (exit code: 0)
2026-04-09 14:37:03 [DEBUG   ] easm-aegis: Raw output: 0 bytes, 0 lines
2026-04-09 14:37:03 [INFO    ] easm-aegis: Nuclei scan complete [tech-targeted (tags: aws,nginx,s3)]: 0 vulnerabilities
2026-04-09 14:37:03 [INFO    ] easm-aegis: Breakdown: Critical=0, High=0, Medium=0, Low=0, Info=0
2026-04-09 14:37:03 [INFO    ] easm-aegis:   Tier 1B: 9 hosts with tags [aws,s3]
2026-04-09 14:37:03 [INFO    ] easm-aegis: ==================================================
2026-04-09 14:37:03 [INFO    ] easm-aegis: Nuclei scan starting [tech-targeted (tags: aws,s3)]
2026-04-09 14:37:03 [INFO    ] easm-aegis: Targets: 9 | Severity: critical,high,medium,low | Concurrency: 25 | Timeout: 1800s
2026-04-09 14:37:03 [DEBUG   ] easm-aegis: Targets written to: C:\Users\thapa\AppData\Local\Temp\nuclei_targets_dq3n4egn.txt (9 URLs)
2026-04-09 14:37:03 [INFO    ] easm-aegis:   Using tech tags: aws,s3
2026-04-09 14:37:03 [INFO    ] easm-aegis: Nuclei scan running...
2026-04-09 14:37:03 [INFO    ] easm-aegis: [NUCLEI] Starting: nuclei.exe
2026-04-09 14:37:03 [INFO    ] easm-aegis: [NUCLEI] Timeout: 1800 seconds
2026-04-09 14:37:10 [DEBUG   ] easm-aegis: [NUCLEI] {"duration":"0:00:05","errors":"0","hosts":"9","matched":"0","percent":"36","requests":"735","rps":"139","startedAt":"2026-04-09T14:37:05.1198323+05:45","templates":"19","total":"2034"}
2026-04-09 14:37:15 [DEBUG   ] easm-aegis: [NUCLEI] {"duration":"0:00:10","errors":"0","hosts":"9","matched":"0","percent":"50","requests":"1036","rps":"101","startedAt":"2026-04-09T14:37:05.1198323+05:45","templates":"19","total":"2034"}
2026-04-09 14:37:20 [DEBUG   ] easm-aegis: [NUCLEI] {"duration":"0:00:15","errors":"0","hosts":"9","matched":"0","percent":"66","requests":"1348","rps":"88","startedAt":"2026-04-09T14:37:05.1198323+05:45","templates":"19","total":"2034"}
2026-04-09 14:37:25 [DEBUG   ] easm-aegis: [NUCLEI] {"duration":"0:00:20","errors":"0","hosts":"9","matched":"0","percent":"81","requests":"1649","rps":"81","startedAt":"2026-04-09T14:37:05.1198323+05:45","templates":"19","total":"2034"}
2026-04-09 14:37:30 [DEBUG   ] easm-aegis: [NUCLEI] {"duration":"0:00:25","errors":"0","hosts":"9","matched":"0","percent":"94","requests":"1930","rps":"76","startedAt":"2026-04-09T14:37:05.1198323+05:45","templates":"19","total":"2034"}
2026-04-09 14:37:35 [DEBUG   ] easm-aegis: [NUCLEI] {"duration":"0:00:30","errors":"0","hosts":"9","matched":"0","percent":"100","requests":"2034","rps":"67","startedAt":"2026-04-09T14:37:05.1198323+05:45","templates":"19","total":"2034"}
2026-04-09 14:37:39 [DEBUG   ] easm-aegis: [NUCLEI] {"duration":"0:00:34","errors":"0","hosts":"9","matched":"0","percent":"100","requests":"2034","rps":"59","startedAt":"2026-04-09T14:37:05.1198323+05:45","templates":"19","total":"2034"}
2026-04-09 14:37:39 [DEBUG   ] easm-aegis: [NUCLEI] {"duration":"0:00:34","errors":"0","hosts":"9","matched":"0","percent":"100","requests":"2034","rps":"58","startedAt":"2026-04-09T14:37:05.1198323+05:45","templates":"19","total":"2034"}
2026-04-09 14:37:40 [INFO    ] easm-aegis: [NUCLEI] Completed (exit code: 0)
2026-04-09 14:37:40 [DEBUG   ] easm-aegis: Raw output: 0 bytes, 0 lines
2026-04-09 14:37:40 [INFO    ] easm-aegis: Nuclei scan complete [tech-targeted (tags: aws,s3)]: 0 vulnerabilities
2026-04-09 14:37:40 [INFO    ] easm-aegis: Breakdown: Critical=0, High=0, Medium=0, Low=0, Info=0
2026-04-09 14:37:40 [INFO    ] easm-aegis:   Tier 1B: 19 hosts with tags [nginx]
2026-04-09 14:37:40 [INFO    ] easm-aegis: ==================================================
2026-04-09 14:37:40 [INFO    ] easm-aegis: Nuclei scan starting [tech-targeted (tags: nginx)]
2026-04-09 14:37:40 [INFO    ] easm-aegis: Targets: 21 | Severity: critical,high,medium,low | Concurrency: 25 | Timeout: 1800s
2026-04-09 14:37:40 [DEBUG   ] easm-aegis: Targets written to: C:\Users\thapa\AppData\Local\Temp\nuclei_targets_hwzhxlpj.txt (21 URLs)
2026-04-09 14:37:40 [INFO    ] easm-aegis:   Using tech tags: nginx
2026-04-09 14:37:40 [INFO    ] easm-aegis: Nuclei scan running...
2026-04-09 14:37:40 [INFO    ] easm-aegis: [NUCLEI] Starting: nuclei.exe
2026-04-09 14:37:40 [INFO    ] easm-aegis: [NUCLEI] Timeout: 1800 seconds
2026-04-09 14:37:46 [DEBUG   ] easm-aegis: [NUCLEI] {"duration":"0:00:05","errors":"0","hosts":"21","matched":"0","percent":"91","requests":"964","rps":"183","startedAt":"2026-04-09T14:37:41.5246962+05:45","templates":"15","total":"1050"}
2026-04-09 14:37:51 [DEBUG   ] easm-aegis: [NUCLEI] {"duration":"0:00:10","errors":"0","hosts":"21","matched":"0","percent":"91","requests":"965","rps":"94","startedAt":"2026-04-09T14:37:41.5246962+05:45","templates":"15","total":"1050"}
2026-04-09 14:37:55 [DEBUG   ] easm-aegis: [NUCLEI] {"duration":"0:00:14","errors":"2","hosts":"21","matched":"0","percent":"100","requests":"1050","rps":"76","startedAt":"2026-04-09T14:37:41.5246962+05:45","templates":"15","total":"1050"}
2026-04-09 14:37:55 [DEBUG   ] easm-aegis: [NUCLEI] {"duration":"0:00:14","errors":"2","hosts":"21","matched":"0","percent":"100","requests":"1050","rps":"76","startedAt":"2026-04-09T14:37:41.5246962+05:45","templates":"15","total":"1050"}
2026-04-09 14:37:55 [INFO    ] easm-aegis: [NUCLEI] Completed (exit code: 0)
2026-04-09 14:37:55 [DEBUG   ] easm-aegis: Raw output: 0 bytes, 0 lines
2026-04-09 14:37:55 [INFO    ] easm-aegis: Nuclei scan complete [tech-targeted (tags: nginx)]: 0 vulnerabilities
2026-04-09 14:37:55 [INFO    ] easm-aegis: Breakdown: Critical=0, High=0, Medium=0, Low=0, Info=0
2026-04-09 14:37:55 [INFO    ] easm-aegis:   Tier 1B: 2 hosts with tags [aspnet]
2026-04-09 14:37:55 [INFO    ] easm-aegis: ==================================================
2026-04-09 14:37:55 [INFO    ] easm-aegis: Nuclei scan starting [tech-targeted (tags: aspnet)]
2026-04-09 14:37:55 [INFO    ] easm-aegis: Targets: 2 | Severity: critical,high,medium,low | Concurrency: 25 | Timeout: 1800s
2026-04-09 14:37:55 [DEBUG   ] easm-aegis: Targets written to: C:\Users\thapa\AppData\Local\Temp\nuclei_targets_nxjewiu5.txt (2 URLs)
2026-04-09 14:37:55 [INFO    ] easm-aegis:   Using tech tags: aspnet
2026-04-09 14:37:55 [INFO    ] easm-aegis: Nuclei scan running...
2026-04-09 14:37:55 [INFO    ] easm-aegis: [NUCLEI] Starting: nuclei.exe
2026-04-09 14:37:55 [INFO    ] easm-aegis: [NUCLEI] Timeout: 1800 seconds
2026-04-09 14:37:58 [DEBUG   ] easm-aegis: [NUCLEI] {"duration":"0:00:02","errors":"0","hosts":"2","matched":"0","percent":"100","requests":"4","rps":"2","startedAt":"2026-04-09T14:37:56.6134074+05:45","templates":"1","total":"4"}
2026-04-09 14:37:58 [DEBUG   ] easm-aegis: [NUCLEI] {"duration":"0:00:02","errors":"0","hosts":"2","matched":"0","percent":"100","requests":"4","rps":"2","startedAt":"2026-04-09T14:37:56.6134074+05:45","templates":"1","total":"4"}
2026-04-09 14:37:58 [INFO    ] easm-aegis: [NUCLEI] Completed (exit code: 0)
2026-04-09 14:37:58 [DEBUG   ] easm-aegis: Raw output: 0 bytes, 0 lines
2026-04-09 14:37:58 [INFO    ] easm-aegis: Nuclei scan complete [tech-targeted (tags: aspnet)]: 0 vulnerabilities
2026-04-09 14:37:58 [INFO    ] easm-aegis: Breakdown: Critical=0, High=0, Medium=0, Low=0, Info=0
2026-04-09 14:37:58 [INFO    ] easm-aegis:   Tier 1B: 1 hosts with tags [nodejs]
2026-04-09 14:37:58 [INFO    ] easm-aegis: ==================================================
2026-04-09 14:37:58 [INFO    ] easm-aegis: Nuclei scan starting [tech-targeted (tags: nodejs)]
2026-04-09 14:37:58 [INFO    ] easm-aegis: Targets: 1 | Severity: critical,high,medium,low | Concurrency: 25 | Timeout: 1800s
2026-04-09 14:37:58 [DEBUG   ] easm-aegis: Targets written to: C:\Users\thapa\AppData\Local\Temp\nuclei_targets_o5khyzm5.txt (1 URLs)
2026-04-09 14:37:58 [INFO    ] easm-aegis:   Using tech tags: nodejs
2026-04-09 14:37:58 [INFO    ] easm-aegis: Nuclei scan running...
2026-04-09 14:37:58 [INFO    ] easm-aegis: [NUCLEI] Starting: nuclei.exe
2026-04-09 14:37:58 [INFO    ] easm-aegis: [NUCLEI] Timeout: 1800 seconds
2026-04-09 14:38:05 [DEBUG   ] easm-aegis: [NUCLEI] {"duration":"0:00:05","errors":"0","hosts":"1","matched":"0","percent":"100","requests":"12","rps":"2","startedAt":"2026-04-09T14:37:59.812686+05:45","templates":"10","total":"12"}
2026-04-09 14:38:07 [DEBUG   ] easm-aegis: [NUCLEI] {"duration":"0:00:08","errors":"0","hosts":"1","matched":"0","percent":"100","requests":"12","rps":"1","startedAt":"2026-04-09T14:37:59.812686+05:45","templates":"10","total":"12"}
2026-04-09 14:38:08 [DEBUG   ] easm-aegis: [NUCLEI] {"duration":"0:00:08","errors":"0","hosts":"1","matched":"0","percent":"100","requests":"12","rps":"1","startedAt":"2026-04-09T14:37:59.812686+05:45","templates":"10","total":"12"}
2026-04-09 14:38:08 [INFO    ] easm-aegis: [NUCLEI] Completed (exit code: 0)
2026-04-09 14:38:08 [DEBUG   ] easm-aegis: Raw output: 0 bytes, 0 lines
2026-04-09 14:38:08 [INFO    ] easm-aegis: Nuclei scan complete [tech-targeted (tags: nodejs)]: 0 vulnerabilities
2026-04-09 14:38:08 [INFO    ] easm-aegis: Breakdown: Critical=0, High=0, Medium=0, Low=0, Info=0
2026-04-09 14:38:08 [INFO    ] easm-aegis:   Tier 1B: 1 hosts with tags [php]
2026-04-09 14:38:08 [INFO    ] easm-aegis: ==================================================
2026-04-09 14:38:08 [INFO    ] easm-aegis: Nuclei scan starting [tech-targeted (tags: php)]
2026-04-09 14:38:08 [INFO    ] easm-aegis: Targets: 1 | Severity: critical,high,medium,low | Concurrency: 25 | Timeout: 1800s
2026-04-09 14:38:08 [DEBUG   ] easm-aegis: Targets written to: C:\Users\thapa\AppData\Local\Temp\nuclei_targets_wly0htox.txt (1 URLs)
2026-04-09 14:38:08 [INFO    ] easm-aegis:   Using tech tags: php
2026-04-09 14:38:08 [INFO    ] easm-aegis: Nuclei scan running...
2026-04-09 14:38:08 [INFO    ] easm-aegis: [NUCLEI] Starting: nuclei.exe
2026-04-09 14:38:08 [INFO    ] easm-aegis: [NUCLEI] Timeout: 1800 seconds
2026-04-09 14:38:14 [DEBUG   ] easm-aegis: [NUCLEI] {"duration":"0:00:05","errors":"0","hosts":"1","matched":"0","percent":"90","requests":"129","rps":"24","startedAt":"2026-04-09T14:38:09.5358245+05:45","templates":"38","total":"143"}
2026-04-09 14:38:19 [DEBUG   ] easm-aegis: [NUCLEI] {"duration":"0:00:10","errors":"0","hosts":"1","matched":"0","percent":"95","requests":"136","rps":"13","startedAt":"2026-04-09T14:38:09.5358245+05:45","templates":"38","total":"143"}
2026-04-09 14:38:24 [DEBUG   ] easm-aegis: [NUCLEI] {"duration":"0:00:15","errors":"0","hosts":"1","matched":"0","percent":"98","requests":"141","rps":"9","startedAt":"2026-04-09T14:38:09.5358245+05:45","templates":"38","total":"143"}
2026-04-09 14:38:29 [DEBUG   ] easm-aegis: [NUCLEI] {"duration":"0:00:20","errors":"0","hosts":"1","matched":"0","percent":"100","requests":"143","rps":"7","startedAt":"2026-04-09T14:38:09.5358245+05:45","templates":"38","total":"143"}
2026-04-09 14:38:31 [DEBUG   ] easm-aegis: [NUCLEI] {"duration":"0:00:22","errors":"0","hosts":"1","matched":"0","percent":"100","requests":"143","rps":"6","startedAt":"2026-04-09T14:38:09.5358245+05:45","templates":"38","total":"143"}
2026-04-09 14:38:31 [DEBUG   ] easm-aegis: [NUCLEI] {"duration":"0:00:22","errors":"0","hosts":"1","matched":"0","percent":"100","requests":"143","rps":"6","startedAt":"2026-04-09T14:38:09.5358245+05:45","templates":"38","total":"143"}
2026-04-09 14:38:31 [INFO    ] easm-aegis: [NUCLEI] Completed (exit code: 0)
2026-04-09 14:38:31 [DEBUG   ] easm-aegis: Raw output: 0 bytes, 0 lines
2026-04-09 14:38:31 [INFO    ] easm-aegis: Nuclei scan complete [tech-targeted (tags: php)]: 0 vulnerabilities
2026-04-09 14:38:31 [INFO    ] easm-aegis: Breakdown: Critical=0, High=0, Medium=0, Low=0, Info=0
2026-04-09 14:38:31 [INFO    ] easm-aegis:   Tier 1B: 2 hosts with tags [nginx,nodejs]
2026-04-09 14:38:31 [INFO    ] easm-aegis: ==================================================
2026-04-09 14:38:31 [INFO    ] easm-aegis: Nuclei scan starting [tech-targeted (tags: nginx,nodejs)]
2026-04-09 14:38:31 [INFO    ] easm-aegis: Targets: 2 | Severity: critical,high,medium,low | Concurrency: 25 | Timeout: 1800s
2026-04-09 14:38:31 [DEBUG   ] easm-aegis: Targets written to: C:\Users\thapa\AppData\Local\Temp\nuclei_targets_fghkxw3i.txt (2 URLs)
2026-04-09 14:38:31 [INFO    ] easm-aegis:   Using tech tags: nginx,nodejs
2026-04-09 14:38:31 [INFO    ] easm-aegis: Nuclei scan running...
2026-04-09 14:38:31 [INFO    ] easm-aegis: [NUCLEI] Starting: nuclei.exe
2026-04-09 14:38:31 [INFO    ] easm-aegis: [NUCLEI] Timeout: 1800 seconds
2026-04-09 14:38:37 [DEBUG   ] easm-aegis: [NUCLEI] {"duration":"0:00:05","errors":"0","hosts":"2","matched":"0","percent":"100","requests":"124","rps":"23","startedAt":"2026-04-09T14:38:32.4842087+05:45","templates":"25","total":"124"}
2026-04-09 14:38:41 [DEBUG   ] easm-aegis: [NUCLEI] {"duration":"0:00:09","errors":"0","hosts":"2","matched":"0","percent":"100","requests":"124","rps":"14","startedAt":"2026-04-09T14:38:32.4842087+05:45","templates":"25","total":"124"}
2026-04-09 14:38:41 [DEBUG   ] easm-aegis: [NUCLEI] {"duration":"0:00:09","errors":"0","hosts":"2","matched":"0","percent":"100","requests":"124","rps":"14","startedAt":"2026-04-09T14:38:32.4842087+05:45","templates":"25","total":"124"}
2026-04-09 14:38:41 [INFO    ] easm-aegis: [NUCLEI] Completed (exit code: 0)
2026-04-09 14:38:41 [DEBUG   ] easm-aegis: Raw output: 0 bytes, 0 lines
2026-04-09 14:38:41 [INFO    ] easm-aegis: Nuclei scan complete [tech-targeted (tags: nginx,nodejs)]: 0 vulnerabilities
2026-04-09 14:38:41 [INFO    ] easm-aegis: Breakdown: Critical=0, High=0, Medium=0, Low=0, Info=0
2026-04-09 14:38:41 [INFO    ] easm-aegis:   Tier 1B: 1 hosts with tags [bucket,gcp]
2026-04-09 14:38:41 [INFO    ] easm-aegis: ==================================================
2026-04-09 14:38:41 [INFO    ] easm-aegis: Nuclei scan starting [tech-targeted (tags: bucket,gcp)]
2026-04-09 14:38:41 [INFO    ] easm-aegis: Targets: 1 | Severity: critical,high,medium,low | Concurrency: 25 | Timeout: 1800s
2026-04-09 14:38:41 [DEBUG   ] easm-aegis: Targets written to: C:\Users\thapa\AppData\Local\Temp\nuclei_targets_f5zhp25l.txt (1 URLs)
2026-04-09 14:38:41 [INFO    ] easm-aegis:   Using tech tags: bucket,gcp
2026-04-09 14:38:41 [INFO    ] easm-aegis: Nuclei scan running...
2026-04-09 14:38:41 [INFO    ] easm-aegis: [NUCLEI] Starting: nuclei.exe
2026-04-09 14:38:41 [INFO    ] easm-aegis: [NUCLEI] Timeout: 1800 seconds
2026-04-09 14:38:44 [DEBUG   ] easm-aegis: [NUCLEI] {"duration":"0:00:01","errors":"0","hosts":"1","matched":"0","percent":"100","requests":"3","rps":"3","startedAt":"2026-04-09T14:38:44.1059121+05:45","templates":"5","total":"3"}
2026-04-09 14:38:44 [DEBUG   ] easm-aegis: [NUCLEI] {"duration":"0:00:01","errors":"0","hosts":"1","matched":"0","percent":"100","requests":"3","rps":"3","startedAt":"2026-04-09T14:38:44.1059121+05:45","templates":"5","total":"3"}
2026-04-09 14:38:49 [INFO    ] easm-aegis: [NUCLEI] Completed (exit code: 0)
2026-04-09 14:38:49 [DEBUG   ] easm-aegis: Raw output: 0 bytes, 0 lines
2026-04-09 14:38:49 [INFO    ] easm-aegis: Nuclei scan complete [tech-targeted (tags: bucket,gcp)]: 0 vulnerabilities
2026-04-09 14:38:49 [INFO    ] easm-aegis: Breakdown: Critical=0, High=0, Medium=0, Low=0, Info=0
2026-04-09 14:38:49 [INFO    ] easm-aegis:   Tier 2A: 1 hosts with tags [smtp]
2026-04-09 14:38:49 [INFO    ] easm-aegis: ==================================================
2026-04-09 14:38:49 [INFO    ] easm-aegis: Nuclei scan starting [tech-targeted (tags: smtp)]
2026-04-09 14:38:49 [INFO    ] easm-aegis: Targets: 1 | Severity: critical,high,medium,low | Concurrency: 25 | Timeout: 1800s
2026-04-09 14:38:49 [DEBUG   ] easm-aegis: Targets written to: C:\Users\thapa\AppData\Local\Temp\nuclei_targets_hz60367h.txt (2 URLs)
2026-04-09 14:38:49 [INFO    ] easm-aegis:   Using tech tags: smtp
2026-04-09 14:38:49 [INFO    ] easm-aegis: Nuclei scan running...
2026-04-09 14:38:49 [INFO    ] easm-aegis: [NUCLEI] Starting: nuclei.exe
2026-04-09 14:38:49 [INFO    ] easm-aegis: [NUCLEI] Timeout: 1800 seconds
2026-04-09 14:38:56 [DEBUG   ] easm-aegis: [NUCLEI] {"duration":"0:00:05","errors":"0","hosts":"2","matched":"0","percent":"18","requests":"6","rps":"1","startedAt":"2026-04-09T14:38:51.3090638+05:45","templates":"8","total":"32"}
2026-04-09 14:39:01 [DEBUG   ] easm-aegis: [NUCLEI] {"duration":"0:00:10","errors":"0","hosts":"2","matched":"0","percent":"18","requests":"6","rps":"0","startedAt":"2026-04-09T14:38:51.3090638+05:45","templates":"8","total":"32"}
2026-04-09 14:39:06 [DEBUG   ] easm-aegis: [NUCLEI] {"duration":"0:00:15","errors":"2","hosts":"2","matched":"0","percent":"25","requests":"8","rps":"0","startedAt":"2026-04-09T14:38:51.3090638+05:45","templates":"8","total":"32"}
2026-04-09 14:39:11 [DEBUG   ] easm-aegis: [NUCLEI] {"duration":"0:00:20","errors":"2","hosts":"2","matched":"0","percent":"25","requests":"8","rps":"0","startedAt":"2026-04-09T14:38:51.3090638+05:45","templates":"8","total":"32"}
2026-04-09 14:39:16 [DEBUG   ] easm-aegis: [NUCLEI] {"duration":"0:00:25","errors":"14","hosts":"2","matched":"0","percent":"62","requests":"20","rps":"0","startedAt":"2026-04-09T14:38:51.3090638+05:45","templates":"8","total":"32"}
2026-04-09 14:39:21 [DEBUG   ] easm-aegis: [NUCLEI] {"duration":"0:00:30","errors":"14","hosts":"2","matched":"0","percent":"62","requests":"20","rps":"0","startedAt":"2026-04-09T14:38:51.3090638+05:45","templates":"8","total":"32"}
2026-04-09 14:39:26 [DEBUG   ] easm-aegis: [NUCLEI] {"duration":"0:00:35","errors":"14","hosts":"2","matched":"0","percent":"81","requests":"26","rps":"0","startedAt":"2026-04-09T14:38:51.3090638+05:45","templates":"8","total":"32"}
2026-04-09 14:39:31 [DEBUG   ] easm-aegis: [NUCLEI] {"duration":"0:00:40","errors":"14","hosts":"2","matched":"0","percent":"81","requests":"26","rps":"0","startedAt":"2026-04-09T14:38:51.3090638+05:45","templates":"8","total":"32"}
2026-04-09 14:39:36 [DEBUG   ] easm-aegis: [NUCLEI] {"duration":"0:00:45","errors":"18","hosts":"2","matched":"0","percent":"87","requests":"28","rps":"0","startedAt":"2026-04-09T14:38:51.3090638+05:45","templates":"8","total":"32"}
2026-04-09 14:39:37 [DEBUG   ] easm-aegis: [NUCLEI] {"duration":"0:00:47","errors":"18","hosts":"2","matched":"0","percent":"87","requests":"28","rps":"0","startedAt":"2026-04-09T14:38:51.3090638+05:45","templates":"8","total":"32"}
2026-04-09 14:39:37 [DEBUG   ] easm-aegis: [NUCLEI] {"duration":"0:00:47","errors":"18","hosts":"2","matched":"0","percent":"87","requests":"28","rps":"0","startedAt":"2026-04-09T14:38:51.3090638+05:45","templates":"8","total":"32"}
2026-04-09 14:39:37 [INFO    ] easm-aegis: [NUCLEI] Completed (exit code: 0)
2026-04-09 14:39:37 [DEBUG   ] easm-aegis: Raw output: 0 bytes, 0 lines
2026-04-09 14:39:37 [INFO    ] easm-aegis: Nuclei scan complete [tech-targeted (tags: smtp)]: 0 vulnerabilities
2026-04-09 14:39:37 [INFO    ] easm-aegis: Breakdown: Critical=0, High=0, Medium=0, Low=0, Info=0
2026-04-09 14:39:37 [INFO    ] easm-aegis:   Tier 2B: 20 hosts with tags [waf]
2026-04-09 14:39:37 [INFO    ] easm-aegis: Nuclei batching enabled: 82 targets split into chunks of 50
2026-04-09 14:39:37 [INFO    ] easm-aegis: Running Nuclei batch 1-50 of 82 targets
2026-04-09 14:39:37 [INFO    ] easm-aegis: ==================================================
2026-04-09 14:39:37 [INFO    ] easm-aegis: Nuclei scan starting [tech-targeted (tags: waf)]
2026-04-09 14:39:37 [INFO    ] easm-aegis: Targets: 50 | Severity: critical,high,medium,low | Concurrency: 25 | Timeout: 1800s
2026-04-09 14:39:37 [DEBUG   ] easm-aegis: Targets written to: C:\Users\thapa\AppData\Local\Temp\nuclei_targets_byy7pcvv.txt (50 URLs)
2026-04-09 14:39:37 [INFO    ] easm-aegis:   Using tech tags: waf
2026-04-09 14:39:37 [INFO    ] easm-aegis: Nuclei scan running...
2026-04-09 14:39:37 [INFO    ] easm-aegis: [NUCLEI] Starting: nuclei.exe
2026-04-09 14:39:37 [INFO    ] easm-aegis: [NUCLEI] Timeout: 1800 seconds
2026-04-09 14:39:39 [DEBUG   ] easm-aegis: [NUCLEI] {"duration":"0:00:00","errors":"0","hosts":"n/a","matched":"0","percent":"9223372036854775808","requests":"0","rps":"9223372036854775808","startedAt":"0001-01-01T00:00:00Z","templates":"n/a","total":"0"}
2026-04-09 14:39:39 [DEBUG   ] easm-aegis: [NUCLEI] [FTL] Could not run nuclei: no templates provided for scan
2026-04-09 14:39:39 [INFO    ] easm-aegis: [NUCLEI] Completed (exit code: 1)
2026-04-09 14:39:39 [DEBUG   ] easm-aegis: Raw output: 0 bytes, 0 lines
2026-04-09 14:39:39 [INFO    ] easm-aegis: Nuclei scan complete [tech-targeted (tags: waf)]: 0 vulnerabilities
2026-04-09 14:39:39 [INFO    ] easm-aegis: Breakdown: Critical=0, High=0, Medium=0, Low=0, Info=0
2026-04-09 14:39:39 [ERROR   ] easm-aegis: Nuclei crashed (exit code 1) — no results
2026-04-09 14:39:39 [INFO    ] easm-aegis: Running Nuclei batch 51-82 of 82 targets
2026-04-09 14:39:39 [INFO    ] easm-aegis: ==================================================
2026-04-09 14:39:39 [INFO    ] easm-aegis: Nuclei scan starting [tech-targeted (tags: waf)]
2026-04-09 14:39:39 [INFO    ] easm-aegis: Targets: 32 | Severity: critical,high,medium,low | Concurrency: 25 | Timeout: 1800s
2026-04-09 14:39:39 [DEBUG   ] easm-aegis: Targets written to: C:\Users\thapa\AppData\Local\Temp\nuclei_targets_fmzagx33.txt (32 URLs)
2026-04-09 14:39:39 [INFO    ] easm-aegis:   Using tech tags: waf
2026-04-09 14:39:39 [INFO    ] easm-aegis: Nuclei scan running...
2026-04-09 14:39:39 [INFO    ] easm-aegis: [NUCLEI] Starting: nuclei.exe
2026-04-09 14:39:39 [INFO    ] easm-aegis: [NUCLEI] Timeout: 1800 seconds
2026-04-09 14:39:40 [DEBUG   ] easm-aegis: [NUCLEI] {"duration":"0:00:00","errors":"0","hosts":"n/a","matched":"0","percent":"9223372036854775808","requests":"0","rps":"9223372036854775808","startedAt":"0001-01-01T00:00:00Z","templates":"n/a","total":"0"}
2026-04-09 14:39:40 [DEBUG   ] easm-aegis: [NUCLEI] [FTL] Could not run nuclei: no templates provided for scan
2026-04-09 14:39:40 [INFO    ] easm-aegis: [NUCLEI] Completed (exit code: 1)
2026-04-09 14:39:40 [DEBUG   ] easm-aegis: Raw output: 0 bytes, 0 lines
2026-04-09 14:39:40 [INFO    ] easm-aegis: Nuclei scan complete [tech-targeted (tags: waf)]: 0 vulnerabilities
2026-04-09 14:39:40 [INFO    ] easm-aegis: Breakdown: Critical=0, High=0, Medium=0, Low=0, Info=0
2026-04-09 14:39:40 [ERROR   ] easm-aegis: Nuclei crashed (exit code 1) — no results
2026-04-09 14:39:40 [INFO    ] easm-aegis:   Tier 2B: 9 hosts with tags [cloudflare]
2026-04-09 14:39:40 [INFO    ] easm-aegis: ==================================================
2026-04-09 14:39:40 [INFO    ] easm-aegis: Nuclei scan starting [tech-targeted (tags: cloudflare)]
2026-04-09 14:39:40 [INFO    ] easm-aegis: Targets: 10 | Severity: critical,high,medium,low | Concurrency: 25 | Timeout: 1800s
2026-04-09 14:39:40 [DEBUG   ] easm-aegis: Targets written to: C:\Users\thapa\AppData\Local\Temp\nuclei_targets_rqelgswj.txt (10 URLs)
2026-04-09 14:39:40 [INFO    ] easm-aegis:   Using tech tags: cloudflare
2026-04-09 14:39:40 [INFO    ] easm-aegis: Nuclei scan running...
2026-04-09 14:39:40 [INFO    ] easm-aegis: [NUCLEI] Starting: nuclei.exe
2026-04-09 14:39:40 [INFO    ] easm-aegis: [NUCLEI] Timeout: 1800 seconds
2026-04-09 14:39:43 [DEBUG   ] easm-aegis: [NUCLEI] {"duration":"0:00:02","errors":"0","hosts":"10","matched":"0","percent":"100","requests":"20","rps":"12","startedAt":"2026-04-09T14:39:41.9629883+05:45","templates":"2","total":"20"}
2026-04-09 14:39:43 [DEBUG   ] easm-aegis: [NUCLEI] {"duration":"0:00:02","errors":"0","hosts":"10","matched":"0","percent":"100","requests":"20","rps":"11","startedAt":"2026-04-09T14:39:41.9629883+05:45","templates":"2","total":"20"}
2026-04-09 14:39:43 [INFO    ] easm-aegis: [NUCLEI] Completed (exit code: 0)
2026-04-09 14:39:43 [DEBUG   ] easm-aegis: Raw output: 0 bytes, 0 lines
2026-04-09 14:39:43 [INFO    ] easm-aegis: Nuclei scan complete [tech-targeted (tags: cloudflare)]: 0 vulnerabilities
2026-04-09 14:39:43 [INFO    ] easm-aegis: Breakdown: Critical=0, High=0, Medium=0, Low=0, Info=0
2026-04-09 14:39:43 [INFO    ] easm-aegis:   Tier 2B: 2 hosts with tags [cloudflare,waf]
2026-04-09 14:39:43 [INFO    ] easm-aegis: ==================================================
2026-04-09 14:39:43 [INFO    ] easm-aegis: Nuclei scan starting [tech-targeted (tags: cloudflare,waf)]
2026-04-09 14:39:43 [INFO    ] easm-aegis: Targets: 17 | Severity: critical,high,medium,low | Concurrency: 25 | Timeout: 1800s
2026-04-09 14:39:43 [DEBUG   ] easm-aegis: Targets written to: C:\Users\thapa\AppData\Local\Temp\nuclei_targets_ivipsl4e.txt (17 URLs)
2026-04-09 14:39:43 [INFO    ] easm-aegis:   Using tech tags: cloudflare,waf
2026-04-09 14:39:43 [INFO    ] easm-aegis: Nuclei scan running...
2026-04-09 14:39:43 [INFO    ] easm-aegis: [NUCLEI] Starting: nuclei.exe
2026-04-09 14:39:43 [INFO    ] easm-aegis: [NUCLEI] Timeout: 1800 seconds
2026-04-09 14:39:47 [DEBUG   ] easm-aegis: [NUCLEI] {"duration":"0:00:02","errors":"0","hosts":"17","matched":"0","percent":"100","requests":"34","rps":"14","startedAt":"2026-04-09T14:39:44.9597276+05:45","templates":"2","total":"34"}
2026-04-09 14:39:47 [DEBUG   ] easm-aegis: [NUCLEI] {"duration":"0:00:02","errors":"0","hosts":"17","matched":"0","percent":"100","requests":"34","rps":"14","startedAt":"2026-04-09T14:39:44.9597276+05:45","templates":"2","total":"34"}
2026-04-09 14:39:47 [INFO    ] easm-aegis: [NUCLEI] Completed (exit code: 0)
2026-04-09 14:39:47 [DEBUG   ] easm-aegis: Raw output: 0 bytes, 0 lines
2026-04-09 14:39:47 [INFO    ] easm-aegis: Nuclei scan complete [tech-targeted (tags: cloudflare,waf)]: 0 vulnerabilities
2026-04-09 14:39:47 [INFO    ] easm-aegis: Breakdown: Critical=0, High=0, Medium=0, Low=0, Info=0
2026-04-09 14:39:47 [INFO    ] easm-aegis:   Tier 2C: 420 targets
2026-04-09 14:39:47 [INFO    ] easm-aegis: Nuclei batching enabled: 420 targets split into chunks of 50
2026-04-09 14:39:47 [INFO    ] easm-aegis: Running Nuclei batch 1-50 of 420 targets
2026-04-09 14:39:47 [INFO    ] easm-aegis: ==================================================
2026-04-09 14:39:47 [INFO    ] easm-aegis: Nuclei scan starting [broad (all)]
2026-04-09 14:39:47 [INFO    ] easm-aegis: Targets: 50 | Severity: critical,high | Concurrency: 25 | Timeout: 1800s
2026-04-09 14:39:47 [DEBUG   ] easm-aegis: Targets written to: C:\Users\thapa\AppData\Local\Temp\nuclei_targets_sls1pxa6.txt (100 URLs)
2026-04-09 14:39:47 [INFO    ] easm-aegis: Nuclei scan running...
2026-04-09 14:39:47 [INFO    ] easm-aegis: [NUCLEI] Starting: nuclei.exe
2026-04-09 14:39:47 [INFO    ] easm-aegis: [NUCLEI] Timeout: 1800 seconds
2026-04-09 14:40:02 [DEBUG   ] easm-aegis: [NUCLEI] {"duration":"0:00:05","errors":"33","hosts":"100","matched":"0","percent":"0","requests":"359","rps":"68","startedAt":"2026-04-09T14:39:57.48134+05:45","templates":"3915","total":"854000"}
2026-04-09 14:40:07 [DEBUG   ] easm-aegis: [NUCLEI] {"duration":"0:00:10","errors":"66","hosts":"100","matched":"0","percent":"0","requests":"703","rps":"68","startedAt":"2026-04-09T14:39:57.48134+05:45","templates":"3915","total":"854000"}
2026-04-09 14:40:12 [DEBUG   ] easm-aegis: [NUCLEI] {"duration":"0:00:15","errors":"70","hosts":"100","matched":"0","percent":"0","requests":"999","rps":"65","startedAt":"2026-04-09T14:39:57.48134+05:45","templates":"3915","total":"854000"}
2026-04-09 14:40:17 [DEBUG   ] easm-aegis: [NUCLEI] {"duration":"0:00:20","errors":"70","hosts":"100","matched":"0","percent":"0","requests":"1322","rps":"65","startedAt":"2026-04-09T14:39:57.48134+05:45","templates":"3915","total":"854000"}
2026-04-09 14:40:22 [DEBUG   ] easm-aegis: [NUCLEI] {"duration":"0:00:25","errors":"94","hosts":"100","matched":"0","percent":"0","requests":"1617","rps":"64","startedAt":"2026-04-09T14:39:57.48134+05:45","templates":"3915","total":"854000"}
2026-04-09 14:40:27 [DEBUG   ] easm-aegis: [NUCLEI] {"duration":"0:00:30","errors":"114","hosts":"100","matched":"0","percent":"0","requests":"1933","rps":"63","startedAt":"2026-04-09T14:39:57.48134+05:45","templates":"3915","total":"854000"}
2026-04-09 14:40:32 [DEBUG   ] easm-aegis: [NUCLEI] {"duration":"0:00:35","errors":"118","hosts":"100","matched":"0","percent":"0","requests":"2251","rps":"63","startedAt":"2026-04-09T14:39:57.48134+05:45","templates":"3915","total":"854000"}
2026-04-09 14:40:37 [DEBUG   ] easm-aegis: [NUCLEI] {"duration":"0:00:40","errors":"118","hosts":"100","matched":"0","percent":"0","requests":"2829","rps":"70","startedAt":"2026-04-09T14:39:57.48134+05:45","templates":"3915","total":"854000"}
2026-04-09 14:40:42 [DEBUG   ] easm-aegis: [NUCLEI] {"duration":"0:00:45","errors":"118","hosts":"100","matched":"0","percent":"0","requests":"3391","rps":"74","startedAt":"2026-04-09T14:39:57.48134+05:45","templates":"3915","total":"854000"}
2026-04-09 14:40:47 [DEBUG   ] easm-aegis: [NUCLEI] {"duration":"0:00:50","errors":"118","hosts":"100","matched":"0","percent":"0","requests":"3746","rps":"74","startedAt":"2026-04-09T14:39:57.48134+05:45","templates":"3915","total":"854000"}
2026-04-09 14:40:52 [DEBUG   ] easm-aegis: [NUCLEI] {"duration":"0:00:55","errors":"118","hosts":"100","matched":"0","percent":"0","requests":"4070","rps":"73","startedAt":"2026-04-09T14:39:57.48134+05:45","templates":"3915","total":"854000"}
2026-04-09 14:40:57 [DEBUG   ] easm-aegis: [NUCLEI] {"duration":"0:01:00","errors":"118","hosts":"100","matched":"0","percent":"0","requests":"4381","rps":"72","startedAt":"2026-04-09T14:39:57.48134+05:45","templates":"3915","total":"854000"}
2026-04-09 14:41:02 [DEBUG   ] easm-aegis: [NUCLEI] {"duration":"0:01:05","errors":"118","hosts":"100","matched":"0","percent":"0","requests":"4781","rps":"73","startedAt":"2026-04-09T14:39:57.48134+05:45","templates":"3915","total":"854000"}
2026-04-09 14:41:07 [DEBUG   ] easm-aegis: [NUCLEI] {"duration":"0:01:10","errors":"118","hosts":"100","matched":"0","percent":"0","requests":"5067","rps":"72","startedAt":"2026-04-09T14:39:57.48134+05:45","templates":"3915","total":"854000"}
2026-04-09 14:41:12 [DEBUG   ] easm-aegis: [NUCLEI] {"duration":"0:01:15","errors":"118","hosts":"100","matched":"0","percent":"0","requests":"5374","rps":"71","startedAt":"2026-04-09T14:39:57.48134+05:45","templates":"3915","total":"854000"}
2026-04-09 14:41:17 [DEBUG   ] easm-aegis: [NUCLEI] {"duration":"0:01:20","errors":"118","hosts":"100","matched":"0","percent":"0","requests":"5712","rps":"71","startedAt":"2026-04-09T14:39:57.48134+05:45","templates":"3915","total":"854000"}
2026-04-09 14:41:22 [DEBUG   ] easm-aegis: [NUCLEI] {"duration":"0:01:25","errors":"118","hosts":"100","matched":"0","percent":"0","requests":"6055","rps":"71","startedAt":"2026-04-09T14:39:57.48134+05:45","templates":"3915","total":"854000"}
2026-04-09 14:41:27 [DEBUG   ] easm-aegis: [NUCLEI] {"duration":"0:01:30","errors":"118","hosts":"100","matched":"0","percent":"0","requests":"6319","rps":"70","startedAt":"2026-04-09T14:39:57.48134+05:45","templates":"3915","total":"854000"}
2026-04-09 14:41:32 [DEBUG   ] easm-aegis: [NUCLEI] {"duration":"0:01:35","errors":"118","hosts":"100","matched":"0","percent":"0","requests":"6613","rps":"69","startedAt":"2026-04-09T14:39:57.48134+05:45","templates":"3915","total":"854000"}
2026-04-09 14:41:37 [DEBUG   ] easm-aegis: [NUCLEI] {"duration":"0:01:40","errors":"118","hosts":"100","matched":"0","percent":"0","requests":"6893","rps":"68","startedAt":"2026-04-09T14:39:57.48134+05:45","templates":"3915","total":"854000"}
2026-04-09 14:41:42 [DEBUG   ] easm-aegis: [NUCLEI] {"duration":"0:01:45","errors":"118","hosts":"100","matched":"0","percent":"0","requests":"7038","rps":"66","startedAt":"2026-04-09T14:39:57.48134+05:45","templates":"3915","total":"854000"}
2026-04-09 14:41:47 [DEBUG   ] easm-aegis: [NUCLEI] {"duration":"0:01:50","errors":"118","hosts":"100","matched":"0","percent":"0","requests":"7222","rps":"65","startedAt":"2026-04-09T14:39:57.48134+05:45","templates":"3915","total":"854000"}
2026-04-09 14:41:52 [DEBUG   ] easm-aegis: [NUCLEI] {"duration":"0:01:55","errors":"118","hosts":"100","matched":"0","percent":"0","requests":"7627","rps":"66","startedAt":"2026-04-09T14:39:57.48134+05:45","templates":"3915","total":"854000"}
2026-04-09 14:41:57 [DEBUG   ] easm-aegis: [NUCLEI] {"duration":"0:02:00","errors":"118","hosts":"100","matched":"0","percent":"0","requests":"8019","rps":"66","startedAt":"2026-04-09T14:39:57.48134+05:45","templates":"3915","total":"854000"}
2026-04-09 14:42:02 [DEBUG   ] easm-aegis: [NUCLEI] {"duration":"0:02:05","errors":"118","hosts":"100","matched":"0","percent":"0","requests":"8426","rps":"67","startedAt":"2026-04-09T14:39:57.48134+05:45","templates":"3915","total":"854000"}
2026-04-09 14:42:07 [DEBUG   ] easm-aegis: [NUCLEI] {"duration":"0:02:10","errors":"118","hosts":"100","matched":"0","percent":"1","requests":"8790","rps":"67","startedAt":"2026-04-09T14:39:57.48134+05:45","templates":"3915","total":"854000"}
2026-04-09 14:42:12 [DEBUG   ] easm-aegis: [NUCLEI] {"duration":"0:02:15","errors":"118","hosts":"100","matched":"0","percent":"1","requests":"9236","rps":"68","startedAt":"2026-04-09T14:39:57.48134+05:45","templates":"3915","total":"854000"}
2026-04-09 14:42:17 [DEBUG   ] easm-aegis: [NUCLEI] {"duration":"0:02:20","errors":"118","hosts":"100","matched":"0","percent":"1","requests":"9580","rps":"68","startedAt":"2026-04-09T14:39:57.48134+05:45","templates":"3915","total":"854000"}
2026-04-09 14:42:22 [DEBUG   ] easm-aegis: [NUCLEI] {"duration":"0:02:25","errors":"118","hosts":"100","matched":"0","percent":"1","requests":"10029","rps":"69","startedAt":"2026-04-09T14:39:57.48134+05:45","templates":"3915","total":"854000"}
2026-04-09 14:42:27 [DEBUG   ] easm-aegis: [NUCLEI] {"duration":"0:02:30","errors":"118","hosts":"100","matched":"0","percent":"1","requests":"10372","rps":"69","startedAt":"2026-04-09T14:39:57.48134+05:45","templates":"3915","total":"854000"}
2026-04-09 14:42:32 [DEBUG   ] easm-aegis: [NUCLEI] {"duration":"0:02:35","errors":"118","hosts":"100","matched":"0","percent":"1","requests":"10739","rps":"69","startedAt":"2026-04-09T14:39:57.48134+05:45","templates":"3915","total":"854000"}
2026-04-09 14:42:37 [DEBUG   ] easm-aegis: [NUCLEI] {"duration":"0:02:40","errors":"118","hosts":"100","matched":"0","percent":"1","requests":"11042","rps":"68","startedAt":"2026-04-09T14:39:57.48134+05:45","templates":"3915","total":"854000"}
2026-04-09 14:42:42 [DEBUG   ] easm-aegis: [NUCLEI] {"duration":"0:02:45","errors":"118","hosts":"100","matched":"0","percent":"1","requests":"11364","rps":"68","startedAt":"2026-04-09T14:39:57.48134+05:45","templates":"3915","total":"854000"}
2026-04-09 14:42:47 [DEBUG   ] easm-aegis: [NUCLEI] {"duration":"0:02:50","errors":"118","hosts":"100","matched":"0","percent":"1","requests":"11669","rps":"68","startedAt":"2026-04-09T14:39:57.48134+05:45","templates":"3915","total":"854000"}
2026-04-09 14:42:52 [DEBUG   ] easm-aegis: [NUCLEI] {"duration":"0:02:55","errors":"118","hosts":"100","matched":"0","percent":"1","requests":"11980","rps":"68","startedAt":"2026-04-09T14:39:57.48134+05:45","templates":"3915","total":"854000"}
2026-04-09 14:42:57 [DEBUG   ] easm-aegis: [NUCLEI] {"duration":"0:03:00","errors":"118","hosts":"100","matched":"0","percent":"1","requests":"12285","rps":"68","startedAt":"2026-04-09T14:39:57.48134+05:45","templates":"3915","total":"854000"}
2026-04-09 14:43:02 [DEBUG   ] easm-aegis: [NUCLEI] {"duration":"0:03:05","errors":"118","hosts":"100","matched":"0","percent":"1","requests":"12677","rps":"68","startedAt":"2026-04-09T14:39:57.48134+05:45","templates":"3915","total":"854000"}
2026-04-09 14:43:07 [DEBUG   ] easm-aegis: [NUCLEI] {"duration":"0:03:10","errors":"118","hosts":"100","matched":"0","percent":"1","requests":"12989","rps":"68","startedAt":"2026-04-09T14:39:57.48134+05:45","templates":"3915","total":"854000"}
2026-04-09 14:43:12 [DEBUG   ] easm-aegis: [NUCLEI] {"duration":"0:03:15","errors":"118","hosts":"100","matched":"0","percent":"1","requests":"13381","rps":"68","startedAt":"2026-04-09T14:39:57.48134+05:45","templates":"3915","total":"854000"}
2026-04-09 14:43:17 [DEBUG   ] easm-aegis: [NUCLEI] {"duration":"0:03:20","errors":"118","hosts":"100","matched":"0","percent":"1","requests":"13688","rps":"68","startedAt":"2026-04-09T14:39:57.48134+05:45","templates":"3915","total":"854000"}
2026-04-09 14:43:22 [DEBUG   ] easm-aegis: [NUCLEI] {"duration":"0:03:25","errors":"118","hosts":"100","matched":"0","percent":"1","requests":"14054","rps":"68","startedAt":"2026-04-09T14:39:57.48134+05:45","templates":"3915","total":"854000"}
2026-04-09 14:43:27 [DEBUG   ] easm-aegis: [NUCLEI] {"duration":"0:03:30","errors":"118","hosts":"100","matched":"0","percent":"1","requests":"14374","rps":"68","startedAt":"2026-04-09T14:39:57.48134+05:45","templates":"3915","total":"854000"}
2026-04-09 14:43:32 [DEBUG   ] easm-aegis: [NUCLEI] {"duration":"0:03:35","errors":"118","hosts":"100","matched":"0","percent":"1","requests":"14743","rps":"68","startedAt":"2026-04-09T14:39:57.48134+05:45","templates":"3915","total":"854000"}
2026-04-09 14:43:37 [DEBUG   ] easm-aegis: [NUCLEI] {"duration":"0:03:40","errors":"118","hosts":"100","matched":"0","percent":"1","requests":"15065","rps":"68","startedAt":"2026-04-09T14:39:57.48134+05:45","templates":"3915","total":"854000"}
2026-04-09 14:43:42 [DEBUG   ] easm-aegis: [NUCLEI] {"duration":"0:03:45","errors":"118","hosts":"100","matched":"0","percent":"1","requests":"15350","rps":"68","startedAt":"2026-04-09T14:39:57.48134+05:45","templates":"3915","total":"854000"}
2026-04-09 14:43:47 [DEBUG   ] easm-aegis: [NUCLEI] {"duration":"0:03:50","errors":"118","hosts":"100","matched":"0","percent":"1","requests":"15698","rps":"68","startedAt":"2026-04-09T14:39:57.48134+05:45","templates":"3915","total":"854000"}
2026-04-09 14:43:52 [DEBUG   ] easm-aegis: [NUCLEI] {"duration":"0:03:55","errors":"118","hosts":"100","matched":"0","percent":"1","requests":"15992","rps":"67","startedAt":"2026-04-09T14:39:57.48134+05:45","templates":"3915","total":"854000"}
2026-04-09 14:43:57 [DEBUG   ] easm-aegis: [NUCLEI] {"duration":"0:04:00","errors":"118","hosts":"100","matched":"0","percent":"1","requests":"16458","rps":"68","startedAt":"2026-04-09T14:39:57.48134+05:45","templates":"3915","total":"854000"}
2026-04-09 14:44:02 [DEBUG   ] easm-aegis: [NUCLEI] {"duration":"0:04:05","errors":"118","hosts":"100","matched":"0","percent":"1","requests":"16775","rps":"68","startedAt":"2026-04-09T14:39:57.48134+05:45","templates":"3915","total":"854000"}
2026-04-09 14:44:07 [DEBUG   ] easm-aegis: [NUCLEI] {"duration":"0:04:10","errors":"118","hosts":"100","matched":"0","percent":"1","requests":"17071","rps":"68","startedAt":"2026-04-09T14:39:57.48134+05:45","templates":"3915","total":"854000"}
2026-04-09 14:44:12 [DEBUG   ] easm-aegis: [NUCLEI] {"duration":"0:04:15","errors":"118","hosts":"100","matched":"0","percent":"2","requests":"17376","rps":"68","startedAt":"2026-04-09T14:39:57.48134+05:45","templates":"3915","total":"854000"}
2026-04-09 14:44:17 [DEBUG   ] easm-aegis: [NUCLEI] {"duration":"0:04:20","errors":"118","hosts":"100","matched":"0","percent":"2","requests":"17809","rps":"68","startedAt":"2026-04-09T14:39:57.48134+05:45","templates":"3915","total":"854000"}
2026-04-09 14:44:22 [DEBUG   ] easm-aegis: [NUCLEI] {"duration":"0:04:25","errors":"118","hosts":"100","matched":"0","percent":"2","requests":"18107","rps":"68","startedAt":"2026-04-09T14:39:57.48134+05:45","templates":"3915","total":"854000"}
2026-04-09 14:44:27 [DEBUG   ] easm-aegis: [NUCLEI] {"duration":"0:04:30","errors":"118","hosts":"100","matched":"0","percent":"2","requests":"18366","rps":"67","startedAt":"2026-04-09T14:39:57.48134+05:45","templates":"3915","total":"854000"}
2026-04-09 14:44:32 [DEBUG   ] easm-aegis: [NUCLEI] {"duration":"0:04:35","errors":"118","hosts":"100","matched":"0","percent":"2","requests":"18779","rps":"68","startedAt":"2026-04-09T14:39:57.48134+05:45","templates":"3915","total":"854000"}
2026-04-09 14:44:37 [DEBUG   ] easm-aegis: [NUCLEI] {"duration":"0:04:40","errors":"118","hosts":"100","matched":"0","percent":"2","requests":"19207","rps":"68","startedAt":"2026-04-09T14:39:57.48134+05:45","templates":"3915","total":"854000"}
2026-04-09 14:44:42 [DEBUG   ] easm-aegis: [NUCLEI] {"duration":"0:04:45","errors":"118","hosts":"100","matched":"0","percent":"2","requests":"19502","rps":"68","startedAt":"2026-04-09T14:39:57.48134+05:45","templates":"3915","total":"854000"}
2026-04-09 14:44:47 [DEBUG   ] easm-aegis: [NUCLEI] {"duration":"0:04:50","errors":"118","hosts":"100","matched":"0","percent":"2","requests":"19810","rps":"68","startedAt":"2026-04-09T14:39:57.48134+05:45","templates":"3915","total":"854000"}
2026-04-09 14:44:52 [DEBUG   ] easm-aegis: [NUCLEI] {"duration":"0:04:55","errors":"118","hosts":"100","matched":"0","percent":"2","requests":"20118","rps":"68","startedAt":"2026-04-09T14:39:57.48134+05:45","templates":"3915","total":"854000"}
2026-04-09 14:44:57 [DEBUG   ] easm-aegis: [NUCLEI] {"duration":"0:05:00","errors":"118","hosts":"100","matched":"0","percent":"2","requests":"20566","rps":"68","startedAt":"2026-04-09T14:39:57.48134+05:45","templates":"3915","total":"854000"}
2026-04-09 14:45:02 [DEBUG   ] easm-aegis: [NUCLEI] {"duration":"0:05:05","errors":"118","hosts":"100","matched":"0","percent":"2","requests":"20847","rps":"68","startedAt":"2026-04-09T14:39:57.48134+05:45","templates":"3915","total":"854000"}
2026-04-09 14:45:07 [DEBUG   ] easm-aegis: [NUCLEI] {"duration":"0:05:10","errors":"118","hosts":"100","matched":"0","percent":"2","requests":"21169","rps":"68","startedAt":"2026-04-09T14:39:57.48134+05:45","templates":"3915","total":"854000"}
2026-04-09 14:45:12 [DEBUG   ] easm-aegis: [NUCLEI] {"duration":"0:05:15","errors":"118","hosts":"100","matched":"0","percent":"2","requests":"21455","rps":"68","startedAt":"2026-04-09T14:39:57.48134+05:45","templates":"3915","total":"854000"}
2026-04-09 14:45:17 [DEBUG   ] easm-aegis: [NUCLEI] {"duration":"0:05:20","errors":"118","hosts":"100","matched":"0","percent":"2","requests":"21732","rps":"67","startedAt":"2026-04-09T14:39:57.48134+05:45","templates":"3915","total":"854000"}
2026-04-09 14:45:22 [DEBUG   ] easm-aegis: [NUCLEI] {"duration":"0:05:25","errors":"118","hosts":"100","matched":"0","percent":"2","requests":"22135","rps":"68","startedAt":"2026-04-09T14:39:57.48134+05:45","templates":"3915","total":"854000"}
2026-04-09 14:45:27 [DEBUG   ] easm-aegis: [NUCLEI] {"duration":"0:05:30","errors":"118","hosts":"100","matched":"0","percent":"2","requests":"22422","rps":"67","startedAt":"2026-04-09T14:39:57.48134+05:45","templates":"3915","total":"854000"}
2026-04-09 14:45:32 [DEBUG   ] easm-aegis: [NUCLEI] {"duration":"0:05:35","errors":"118","hosts":"100","matched":"0","percent":"2","requests":"22850","rps":"68","startedAt":"2026-04-09T14:39:57.48134+05:45","templates":"3915","total":"854000"}
2026-04-09 14:45:37 [DEBUG   ] easm-aegis: [NUCLEI] {"duration":"0:05:40","errors":"118","hosts":"100","matched":"0","percent":"2","requests":"23145","rps":"68","startedAt":"2026-04-09T14:39:57.48134+05:45","templates":"3915","total":"854000"}
2026-04-09 14:45:42 [DEBUG   ] easm-aegis: [NUCLEI] {"duration":"0:05:45","errors":"118","hosts":"100","matched":"0","percent":"2","requests":"23562","rps":"68","startedAt":"2026-04-09T14:39:57.48134+05:45","templates":"3915","total":"854000"}
2026-04-09 14:45:47 [DEBUG   ] easm-aegis: [NUCLEI] {"duration":"0:05:50","errors":"118","hosts":"100","matched":"0","percent":"2","requests":"24304","rps":"69","startedAt":"2026-04-09T14:39:57.48134+05:45","templates":"3915","total":"854000"}
2026-04-09 14:45:52 [DEBUG   ] easm-aegis: [NUCLEI] {"duration":"0:05:55","errors":"118","hosts":"100","matched":"0","percent":"2","requests":"24704","rps":"69","startedAt":"2026-04-09T14:39:57.48134+05:45","templates":"3915","total":"854000"}
2026-04-09 14:45:57 [DEBUG   ] easm-aegis: [NUCLEI] {"duration":"0:06:00","errors":"118","hosts":"100","matched":"0","percent":"2","requests":"24953","rps":"69","startedAt":"2026-04-09T14:39:57.48134+05:45","templates":"3915","total":"854000"}
2026-04-09 14:46:02 [DEBUG   ] easm-aegis: [NUCLEI] {"duration":"0:06:05","errors":"118","hosts":"100","matched":"0","percent":"2","requests":"25355","rps":"69","startedAt":"2026-04-09T14:39:57.48134+05:45","templates":"3915","total":"854000"}
2026-04-09 14:46:07 [DEBUG   ] easm-aegis: [NUCLEI] {"duration":"0:06:10","errors":"118","hosts":"100","matched":"0","percent":"3","requests":"25808","rps":"69","startedAt":"2026-04-09T14:39:57.48134+05:45","templates":"3915","total":"854000"}
2026-04-09 14:46:12 [DEBUG   ] easm-aegis: [NUCLEI] {"duration":"0:06:15","errors":"118","hosts":"100","matched":"0","percent":"3","requests":"26116","rps":"69","startedAt":"2026-04-09T14:39:57.48134+05:45","templates":"3915","total":"854000"}
2026-04-09 14:46:17 [DEBUG   ] easm-aegis: [NUCLEI] {"duration":"0:06:20","errors":"118","hosts":"100","matched":"0","percent":"3","requests":"26404","rps":"69","startedAt":"2026-04-09T14:39:57.48134+05:45","templates":"3915","total":"854000"}
2026-04-09 14:46:22 [DEBUG   ] easm-aegis: [NUCLEI] {"duration":"0:06:25","errors":"118","hosts":"100","matched":"0","percent":"3","requests":"26830","rps":"69","startedAt":"2026-04-09T14:39:57.48134+05:45","templates":"3915","total":"854000"}
2026-04-09 14:46:27 [DEBUG   ] easm-aegis: [NUCLEI] {"duration":"0:06:30","errors":"118","hosts":"100","matched":"0","percent":"3","requests":"27198","rps":"69","startedAt":"2026-04-09T14:39:57.48134+05:45","templates":"3915","total":"854000"}
2026-04-09 14:46:32 [DEBUG   ] easm-aegis: [NUCLEI] {"duration":"0:06:35","errors":"118","hosts":"100","matched":"0","percent":"3","requests":"27508","rps":"69","startedAt":"2026-04-09T14:39:57.48134+05:45","templates":"3915","total":"854000"}
2026-04-09 14:46:37 [DEBUG   ] easm-aegis: [NUCLEI] {"duration":"0:06:40","errors":"118","hosts":"100","matched":"0","percent":"3","requests":"27822","rps":"69","startedAt":"2026-04-09T14:39:57.48134+05:45","templates":"3915","total":"854000"}
2026-04-09 14:46:42 [DEBUG   ] easm-aegis: [NUCLEI] {"duration":"0:06:45","errors":"118","hosts":"100","matched":"0","percent":"3","requests":"28241","rps":"69","startedAt":"2026-04-09T14:39:57.48134+05:45","templates":"3915","total":"854000"}
2026-04-09 14:46:47 [DEBUG   ] easm-aegis: [NUCLEI] {"duration":"0:06:50","errors":"118","hosts":"100","matched":"0","percent":"3","requests":"28292","rps":"68","startedAt":"2026-04-09T14:39:57.48134+05:45","templates":"3915","total":"854000"}
2026-04-09 14:46:52 [DEBUG   ] easm-aegis: [NUCLEI] {"duration":"0:06:55","errors":"118","hosts":"100","matched":"0","percent":"3","requests":"28483","rps":"68","startedAt":"2026-04-09T14:39:57.48134+05:45","templates":"3915","total":"854000"}
2026-04-09 14:46:57 [DEBUG   ] easm-aegis: [NUCLEI] {"duration":"0:07:00","errors":"118","hosts":"100","matched":"0","percent":"3","requests":"29007","rps":"69","startedAt":"2026-04-09T14:39:57.48134+05:45","templates":"3915","total":"854000"}
2026-04-09 14:47:02 [DEBUG   ] easm-aegis: [NUCLEI] {"duration":"0:07:05","errors":"118","hosts":"100","matched":"0","percent":"3","requests":"29646","rps":"69","startedAt":"2026-04-09T14:39:57.48134+05:45","templates":"3915","total":"854000"}
2026-04-09 14:47:07 [DEBUG   ] easm-aegis: [NUCLEI] {"duration":"0:07:10","errors":"118","hosts":"100","matched":"0","percent":"3","requests":"29988","rps":"69","startedAt":"2026-04-09T14:39:57.48134+05:45","templates":"3915","total":"854000"}
2026-04-09 14:47:12 [DEBUG   ] easm-aegis: [NUCLEI] {"duration":"0:07:15","errors":"118","hosts":"100","matched":"0","percent":"3","requests":"30499","rps":"70","startedAt":"2026-04-09T14:39:57.48134+05:45","templates":"3915","total":"854000"}
2026-04-09 14:47:17 [DEBUG   ] easm-aegis: [NUCLEI] {"duration":"0:07:20","errors":"120","hosts":"100","matched":"0","percent":"3","requests":"30868","rps":"70","startedAt":"2026-04-09T14:39:57.48134+05:45","templates":"3915","total":"854000"}
2026-04-09 14:47:22 [DEBUG   ] easm-aegis: [NUCLEI] {"duration":"0:07:25","errors":"148","hosts":"100","matched":"0","percent":"3","requests":"31411","rps":"70","startedAt":"2026-04-09T14:39:57.48134+05:45","templates":"3915","total":"854000"}
2026-04-09 14:47:27 [DEBUG   ] easm-aegis: [NUCLEI] {"duration":"0:07:30","errors":"148","hosts":"100","matched":"0","percent":"3","requests":"31796","rps":"70","startedAt":"2026-04-09T14:39:57.48134+05:45","templates":"3915","total":"854000"}
2026-04-09 14:47:32 [DEBUG   ] easm-aegis: [NUCLEI] {"duration":"0:07:35","errors":"148","hosts":"100","matched":"0","percent":"3","requests":"32247","rps":"70","startedAt":"2026-04-09T14:39:57.48134+05:45","templates":"3915","total":"854000"}
2026-04-09 14:47:37 [DEBUG   ] easm-aegis: [NUCLEI] {"duration":"0:07:40","errors":"148","hosts":"100","matched":"0","percent":"3","requests":"32617","rps":"70","startedAt":"2026-04-09T14:39:57.48134+05:45","templates":"3915","total":"854000"}
2026-04-09 14:47:42 [DEBUG   ] easm-aegis: [NUCLEI] {"duration":"0:07:45","errors":"148","hosts":"100","matched":"0","percent":"3","requests":"33110","rps":"71","startedAt":"2026-04-09T14:39:57.48134+05:45","templates":"3915","total":"854000"}
2026-04-09 14:47:47 [DEBUG   ] easm-aegis: [NUCLEI] {"duration":"0:07:50","errors":"148","hosts":"100","matched":"0","percent":"4","requests":"38260","rps":"81","startedAt":"2026-04-09T14:39:57.48134+05:45","templates":"3915","total":"854000"}
2026-04-09 14:47:52 [DEBUG   ] easm-aegis: [NUCLEI] {"duration":"0:07:55","errors":"148","hosts":"100","matched":"0","percent":"4","requests":"38793","rps":"81","startedAt":"2026-04-09T14:39:57.48134+05:45","templates":"3915","total":"854000"}
2026-04-09 14:47:57 [DEBUG   ] easm-aegis: [NUCLEI] {"duration":"0:08:00","errors":"148","hosts":"100","matched":"0","percent":"5","requests":"42931","rps":"89","startedAt":"2026-04-09T14:39:57.48134+05:45","templates":"3915","total":"854000"}
2026-04-09 14:48:02 [DEBUG   ] easm-aegis: [NUCLEI] {"duration":"0:08:05","errors":"152","hosts":"100","matched":"0","percent":"5","requests":"44477","rps":"91","startedAt":"2026-04-09T14:39:57.48134+05:45","templates":"3915","total":"854000"}
2026-04-09 14:48:07 [DEBUG   ] easm-aegis: [NUCLEI] {"duration":"0:08:10","errors":"152","hosts":"100","matched":"0","percent":"5","requests":"45202","rps":"92","startedAt":"2026-04-09T14:39:57.48134+05:45","templates":"3915","total":"854000"}
2026-04-09 14:48:12 [DEBUG   ] easm-aegis: [NUCLEI] {"duration":"0:08:15","errors":"178","hosts":"100","matched":"0","percent":"5","requests":"50132","rps":"101","startedAt":"2026-04-09T14:39:57.48134+05:45","templates":"3915","total":"854000"}
2026-04-09 14:48:17 [DEBUG   ] easm-aegis: [NUCLEI] {"duration":"0:08:20","errors":"188","hosts":"100","matched":"0","percent":"5","requests":"50670","rps":"101","startedAt":"2026-04-09T14:39:57.48134+05:45","templates":"3915","total":"854000"}
2026-04-09 14:48:22 [DEBUG   ] easm-aegis: [NUCLEI] {"duration":"0:08:25","errors":"190","hosts":"100","matched":"0","percent":"6","requests":"54961","rps":"108","startedAt":"2026-04-09T14:39:57.48134+05:45","templates":"3915","total":"854000"}
2026-04-09 14:48:27 [DEBUG   ] easm-aegis: [NUCLEI] {"duration":"0:08:30","errors":"216","hosts":"100","matched":"0","percent":"6","requests":"55277","rps":"108","startedAt":"2026-04-09T14:39:57.48134+05:45","templates":"3915","total":"854000"}
2026-04-09 14:48:32 [DEBUG   ] easm-aegis: [NUCLEI] {"duration":"0:08:35","errors":"222","hosts":"100","matched":"0","percent":"6","requests":"55710","rps":"108","startedAt":"2026-04-09T14:39:57.48134+05:45","templates":"3915","total":"854000"}
2026-04-09 14:48:37 [DEBUG   ] easm-aegis: [NUCLEI] {"duration":"0:08:40","errors":"223","hosts":"100","matched":"0","percent":"6","requests":"56011","rps":"107","startedAt":"2026-04-09T14:39:57.48134+05:45","templates":"3915","total":"854000"}
2026-04-09 14:48:42 [DEBUG   ] easm-aegis: [NUCLEI] {"duration":"0:08:45","errors":"241","hosts":"100","matched":"0","percent":"6","requests":"56441","rps":"107","startedAt":"2026-04-09T14:39:57.48134+05:45","templates":"3915","total":"854000"}
2026-04-09 14:48:47 [DEBUG   ] easm-aegis: [NUCLEI] {"duration":"0:08:50","errors":"245","hosts":"100","matched":"0","percent":"6","requests":"56728","rps":"106","startedAt":"2026-04-09T14:39:57.48134+05:45","templates":"3915","total":"854000"}
2026-04-09 14:48:52 [DEBUG   ] easm-aegis: [NUCLEI] {"duration":"0:08:55","errors":"263","hosts":"100","matched":"0","percent":"6","requests":"57137","rps":"106","startedAt":"2026-04-09T14:39:57.48134+05:45","templates":"3915","total":"854000"}
2026-04-09 14:48:57 [DEBUG   ] easm-aegis: [NUCLEI] {"duration":"0:09:00","errors":"263","hosts":"100","matched":"0","percent":"6","requests":"57470","rps":"106","startedAt":"2026-04-09T14:39:57.48134+05:45","templates":"3915","total":"854000"}
2026-04-09 14:49:02 [DEBUG   ] easm-aegis: [NUCLEI] {"duration":"0:09:05","errors":"263","hosts":"100","matched":"0","percent":"6","requests":"57846","rps":"106","startedAt":"2026-04-09T14:39:57.48134+05:45","templates":"3915","total":"854000"}
2026-04-09 14:49:07 [DEBUG   ] easm-aegis: [NUCLEI] {"duration":"0:09:10","errors":"289","hosts":"100","matched":"0","percent":"6","requests":"58221","rps":"105","startedAt":"2026-04-09T14:39:57.48134+05:45","templates":"3915","total":"854000"}
2026-04-09 14:49:12 [DEBUG   ] easm-aegis: [NUCLEI] {"duration":"0:09:15","errors":"289","hosts":"100","matched":"0","percent":"6","requests":"58699","rps":"105","startedAt":"2026-04-09T14:39:57.48134+05:45","templates":"3915","total":"854000"}
2026-04-09 14:49:17 [DEBUG   ] easm-aegis: [NUCLEI] {"duration":"0:09:20","errors":"297","hosts":"100","matched":"0","percent":"6","requests":"59223","rps":"105","startedAt":"2026-04-09T14:39:57.48134+05:45","templates":"3915","total":"854000"}
2026-04-09 14:49:22 [DEBUG   ] easm-aegis: [NUCLEI] {"duration":"0:09:25","errors":"297","hosts":"100","matched":"0","percent":"6","requests":"59612","rps":"105","startedAt":"2026-04-09T14:39:57.48134+05:45","templates":"3915","total":"854000"}
2026-04-09 14:49:27 [DEBUG   ] easm-aegis: [NUCLEI] {"duration":"0:09:30","errors":"301","hosts":"100","matched":"0","percent":"7","requests":"60130","rps":"105","startedAt":"2026-04-09T14:39:57.48134+05:45","templates":"3915","total":"854000"}
2026-04-09 14:49:32 [DEBUG   ] easm-aegis: [NUCLEI] {"duration":"0:09:35","errors":"302","hosts":"100","matched":"0","percent":"7","requests":"60467","rps":"105","startedAt":"2026-04-09T14:39:57.48134+05:45","templates":"3915","total":"854000"}
2026-04-09 14:49:37 [DEBUG   ] easm-aegis: [NUCLEI] {"duration":"0:09:40","errors":"302","hosts":"100","matched":"0","percent":"7","requests":"61001","rps":"105","startedAt":"2026-04-09T14:39:57.48134+05:45","templates":"3915","total":"854000"}
2026-04-09 14:49:42 [DEBUG   ] easm-aegis: [NUCLEI] {"duration":"0:09:45","errors":"302","hosts":"100","matched":"0","percent":"7","requests":"61345","rps":"104","startedAt":"2026-04-09T14:39:57.48134+05:45","templates":"3915","total":"854000"}
2026-04-09 14:49:47 [DEBUG   ] easm-aegis: [NUCLEI] {"duration":"0:09:50","errors":"302","hosts":"100","matched":"0","percent":"7","requests":"61708","rps":"104","startedAt":"2026-04-09T14:39:57.48134+05:45","templates":"3915","total":"854000"}
2026-04-09 14:49:52 [DEBUG   ] easm-aegis: [NUCLEI] {"duration":"0:09:55","errors":"302","hosts":"100","matched":"0","percent":"7","requests":"62085","rps":"104","startedAt":"2026-04-09T14:39:57.48134+05:45","templates":"3915","total":"854000"}
2026-04-09 14:49:57 [DEBUG   ] easm-aegis: [NUCLEI] {"duration":"0:10:00","errors":"302","hosts":"100","matched":"0","percent":"7","requests":"62508","rps":"104","startedAt":"2026-04-09T14:39:57.48134+05:45","templates":"3915","total":"854000"}
2026-04-09 14:50:02 [DEBUG   ] easm-aegis: [NUCLEI] {"duration":"0:10:05","errors":"302","hosts":"100","matched":"0","percent":"7","requests":"62899","rps":"103","startedAt":"2026-04-09T14:39:57.48134+05:45","templates":"3915","total":"854000"}
2026-04-09 14:50:07 [DEBUG   ] easm-aegis: [NUCLEI] {"duration":"0:10:10","errors":"302","hosts":"100","matched":"0","percent":"7","requests":"63280","rps":"103","startedAt":"2026-04-09T14:39:57.48134+05:45","templates":"3915","total":"854000"}
2026-04-09 14:50:12 [DEBUG   ] easm-aegis: [NUCLEI] {"duration":"0:10:15","errors":"302","hosts":"100","matched":"0","percent":"7","requests":"63668","rps":"103","startedAt":"2026-04-09T14:39:57.48134+05:45","templates":"3915","total":"854000"}
2026-04-09 14:50:17 [DEBUG   ] easm-aegis: [NUCLEI] {"duration":"0:10:20","errors":"302","hosts":"100","matched":"0","percent":"7","requests":"64061","rps":"103","startedAt":"2026-04-09T14:39:57.48134+05:45","templates":"3915","total":"854000"}
2026-04-09 14:50:22 [DEBUG   ] easm-aegis: [NUCLEI] {"duration":"0:10:25","errors":"302","hosts":"100","matched":"0","percent":"7","requests":"64450","rps":"103","startedAt":"2026-04-09T14:39:57.48134+05:45","templates":"3915","total":"854000"}
2026-04-09 14:50:27 [DEBUG   ] easm-aegis: [NUCLEI] {"duration":"0:10:30","errors":"302","hosts":"100","matched":"0","percent":"7","requests":"64864","rps":"102","startedAt":"2026-04-09T14:39:57.48134+05:45","templates":"3915","total":"854000"}
2026-04-09 14:50:32 [DEBUG   ] easm-aegis: [NUCLEI] {"duration":"0:10:35","errors":"302","hosts":"100","matched":"0","percent":"7","requests":"65208","rps":"102","startedAt":"2026-04-09T14:39:57.48134+05:45","templates":"3915","total":"854000"}
2026-04-09 14:50:37 [DEBUG   ] easm-aegis: [NUCLEI] {"duration":"0:10:40","errors":"302","hosts":"100","matched":"0","percent":"7","requests":"65505","rps":"102","startedAt":"2026-04-09T14:39:57.48134+05:45","templates":"3915","total":"854000"}
2026-04-09 14:50:42 [DEBUG   ] easm-aegis: [NUCLEI] {"duration":"0:10:45","errors":"302","hosts":"100","matched":"0","percent":"7","requests":"65848","rps":"102","startedAt":"2026-04-09T14:39:57.48134+05:45","templates":"3915","total":"854000"}
2026-04-09 14:50:47 [DEBUG   ] easm-aegis: [NUCLEI] {"duration":"0:10:50","errors":"302","hosts":"100","matched":"0","percent":"7","requests":"66153","rps":"101","startedAt":"2026-04-09T14:39:57.48134+05:45","templates":"3915","total":"854000"}
2026-04-09 14:50:52 [DEBUG   ] easm-aegis: [NUCLEI] {"duration":"0:10:55","errors":"302","hosts":"100","matched":"0","percent":"7","requests":"66523","rps":"101","startedAt":"2026-04-09T14:39:57.48134+05:45","templates":"3915","total":"854000"}
2026-04-09 14:50:57 [DEBUG   ] easm-aegis: [NUCLEI] {"duration":"0:11:00","errors":"302","hosts":"100","matched":"0","percent":"7","requests":"66815","rps":"101","startedAt":"2026-04-09T14:39:57.48134+05:45","templates":"3915","total":"854000"}
2026-04-09 14:51:02 [DEBUG   ] easm-aegis: [NUCLEI] {"duration":"0:11:05","errors":"302","hosts":"100","matched":"0","percent":"7","requests":"67119","rps":"100","startedAt":"2026-04-09T14:39:57.48134+05:45","templates":"3915","total":"854000"}
2026-04-09 14:51:07 [DEBUG   ] easm-aegis: [NUCLEI] {"duration":"0:11:10","errors":"302","hosts":"100","matched":"0","percent":"7","requests":"67450","rps":"100","startedAt":"2026-04-09T14:39:57.48134+05:45","templates":"3915","total":"854000"}
2026-04-09 14:51:12 [DEBUG   ] easm-aegis: [NUCLEI] {"duration":"0:11:15","errors":"302","hosts":"100","matched":"0","percent":"8","requests":"69154","rps":"102","startedAt":"2026-04-09T14:39:57.48134+05:45","templates":"3915","total":"854000"}
2026-04-09 14:51:17 [DEBUG   ] easm-aegis: [NUCLEI] {"duration":"0:11:20","errors":"327","hosts":"100","matched":"0","percent":"8","requests":"69584","rps":"102","startedAt":"2026-04-09T14:39:57.48134+05:45","templates":"3915","total":"854000"}
2026-04-09 14:51:22 [DEBUG   ] easm-aegis: [NUCLEI] {"duration":"0:11:25","errors":"327","hosts":"100","matched":"0","percent":"8","requests":"69722","rps":"101","startedAt":"2026-04-09T14:39:57.48134+05:45","templates":"3915","total":"854000"}
2026-04-09 14:51:27 [DEBUG   ] easm-aegis: [NUCLEI] {"duration":"0:11:30","errors":"327","hosts":"100","matched":"0","percent":"8","requests":"69737","rps":"101","startedAt":"2026-04-09T14:39:57.48134+05:45","templates":"3915","total":"854000"}
2026-04-09 14:51:32 [DEBUG   ] easm-aegis: [NUCLEI] {"duration":"0:11:35","errors":"327","hosts":"100","matched":"0","percent":"8","requests":"69738","rps":"100","startedAt":"2026-04-09T14:39:57.48134+05:45","templates":"3915","total":"854000"}
2026-04-09 14:51:37 [DEBUG   ] easm-aegis: [NUCLEI] {"duration":"0:11:40","errors":"327","hosts":"100","matched":"0","percent":"8","requests":"69746","rps":"99","startedAt":"2026-04-09T14:39:57.48134+05:45","templates":"3915","total":"854000"}
2026-04-09 14:51:42 [DEBUG   ] easm-aegis: [NUCLEI] {"duration":"0:11:45","errors":"327","hosts":"100","matched":"0","percent":"8","requests":"69832","rps":"99","startedAt":"2026-04-09T14:39:57.48134+05:45","templates":"3915","total":"854000"}
2026-04-09 14:51:47 [DEBUG   ] easm-aegis: [NUCLEI] {"duration":"0:11:50","errors":"376","hosts":"100","matched":"0","percent":"8","requests":"70137","rps":"98","startedAt":"2026-04-09T14:39:57.48134+05:45","templates":"3915","total":"854000"}
2026-04-09 14:51:52 [DEBUG   ] easm-aegis: [NUCLEI] {"duration":"0:11:55","errors":"402","hosts":"100","matched":"0","percent":"8","requests":"70577","rps":"98","startedAt":"2026-04-09T14:39:57.48134+05:45","templates":"3915","total":"854000"}
2026-04-09 14:51:57 [DEBUG   ] easm-aegis: [NUCLEI] {"duration":"0:12:00","errors":"413","hosts":"100","matched":"0","percent":"8","requests":"70867","rps":"98","startedAt":"2026-04-09T14:39:57.48134+05:45","templates":"3915","total":"854000"}
2026-04-09 14:52:02 [DEBUG   ] easm-aegis: [NUCLEI] {"duration":"0:12:05","errors":"427","hosts":"100","matched":"0","percent":"8","requests":"71341","rps":"98","startedAt":"2026-04-09T14:39:57.48134+05:45","templates":"3915","total":"854000"}
2026-04-09 14:52:07 [DEBUG   ] easm-aegis: [NUCLEI] {"duration":"0:12:10","errors":"427","hosts":"100","matched":"0","percent":"8","requests":"71701","rps":"98","startedAt":"2026-04-09T14:39:57.48134+05:45","templates":"3915","total":"854000"}
2026-04-09 14:52:12 [DEBUG   ] easm-aegis: [NUCLEI] {"duration":"0:12:15","errors":"440","hosts":"100","matched":"0","percent":"8","requests":"72150","rps":"98","startedAt":"2026-04-09T14:39:57.48134+05:45","templates":"3915","total":"854000"}
2026-04-09 14:52:17 [DEBUG   ] easm-aegis: [NUCLEI] {"duration":"0:12:20","errors":"440","hosts":"100","matched":"0","percent":"8","requests":"72576","rps":"98","startedAt":"2026-04-09T14:39:57.48134+05:45","templates":"3915","total":"854000"}
2026-04-09 14:52:22 [DEBUG   ] easm-aegis: [NUCLEI] {"duration":"0:12:25","errors":"440","hosts":"100","matched":"0","percent":"8","requests":"73946","rps":"99","startedAt":"2026-04-09T14:39:57.48134+05:45","templates":"3915","total":"854000"}
2026-04-09 14:52:27 [DEBUG   ] easm-aegis: [NUCLEI] {"duration":"0:12:30","errors":"440","hosts":"100","matched":"0","percent":"8","requests":"74632","rps":"99","startedAt":"2026-04-09T14:39:57.48134+05:45","templates":"3915","total":"854000"}
2026-04-09 14:52:32 [DEBUG   ] easm-aegis: [NUCLEI] {"duration":"0:12:35","errors":"440","hosts":"100","matched":"0","percent":"8","requests":"74992","rps":"99","startedAt":"2026-04-09T14:39:57.48134+05:45","templates":"3915","total":"854000"}
2026-04-09 14:52:37 [DEBUG   ] easm-aegis: [NUCLEI] {"duration":"0:12:40","errors":"442","hosts":"100","matched":"0","percent":"8","requests":"75120","rps":"98","startedAt":"2026-04-09T14:39:57.48134+05:45","templates":"3915","total":"854000"}
2026-04-09 14:52:42 [DEBUG   ] easm-aegis: [NUCLEI] {"duration":"0:12:45","errors":"442","hosts":"100","matched":"0","percent":"8","requests":"75120","rps":"98","startedAt":"2026-04-09T14:39:57.48134+05:45","templates":"3915","total":"854000"}
2026-04-09 14:52:47 [DEBUG   ] easm-aegis: [NUCLEI] {"duration":"0:12:50","errors":"442","hosts":"100","matched":"0","percent":"8","requests":"75134","rps":"97","startedAt":"2026-04-09T14:39:57.48134+05:45","templates":"3915","total":"854000"}
2026-04-09 14:52:52 [DEBUG   ] easm-aegis: [NUCLEI] {"duration":"0:12:55","errors":"442","hosts":"100","matched":"0","percent":"8","requests":"75395","rps":"97","startedAt":"2026-04-09T14:39:57.48134+05:45","templates":"3915","total":"854000"}
2026-04-09 14:52:57 [DEBUG   ] easm-aegis: [NUCLEI] {"duration":"0:13:00","errors":"442","hosts":"100","matched":"0","percent":"8","requests":"75531","rps":"96","startedAt":"2026-04-09T14:39:57.48134+05:45","templates":"3915","total":"854000"}
2026-04-09 14:53:02 [DEBUG   ] easm-aegis: [NUCLEI] {"duration":"0:13:05","errors":"442","hosts":"100","matched":"0","percent":"8","requests":"75960","rps":"96","startedAt":"2026-04-09T14:39:57.48134+05:45","templates":"3915","total":"854000"}
2026-04-09 14:53:07 [DEBUG   ] easm-aegis: [NUCLEI] {"duration":"0:13:10","errors":"442","hosts":"100","matched":"0","percent":"8","requests":"76274","rps":"96","startedAt":"2026-04-09T14:39:57.48134+05:45","templates":"3915","total":"854000"}
2026-04-09 14:53:12 [DEBUG   ] easm-aegis: [NUCLEI] {"duration":"0:13:15","errors":"442","hosts":"100","matched":"0","percent":"8","requests":"76663","rps":"96","startedAt":"2026-04-09T14:39:57.48134+05:45","templates":"3915","total":"854000"}
2026-04-09 14:53:17 [DEBUG   ] easm-aegis: [NUCLEI] {"duration":"0:13:20","errors":"442","hosts":"100","matched":"0","percent":"9","requests":"77051","rps":"96","startedAt":"2026-04-09T14:39:57.48134+05:45","templates":"3915","total":"854000"}
2026-04-09 14:53:22 [DEBUG   ] easm-aegis: [NUCLEI] {"duration":"0:13:25","errors":"442","hosts":"100","matched":"0","percent":"9","requests":"77396","rps":"96","startedAt":"2026-04-09T14:39:57.48134+05:45","templates":"3915","total":"854000"}
2026-04-09 14:53:27 [DEBUG   ] easm-aegis: [NUCLEI] {"duration":"0:13:30","errors":"442","hosts":"100","matched":"0","percent":"9","requests":"77754","rps":"95","startedAt":"2026-04-09T14:39:57.48134+05:45","templates":"3915","total":"854000"}
2026-04-09 14:53:32 [DEBUG   ] easm-aegis: [NUCLEI] {"duration":"0:13:35","errors":"442","hosts":"100","matched":"0","percent":"9","requests":"79138","rps":"97","startedAt":"2026-04-09T14:39:57.48134+05:45","templates":"3915","total":"854000"}
2026-04-09 14:53:37 [DEBUG   ] easm-aegis: [NUCLEI] {"duration":"0:13:40","errors":"442","hosts":"100","matched":"0","percent":"9","requests":"79886","rps":"97","startedAt":"2026-04-09T14:39:57.48134+05:45","templates":"3915","total":"854000"}
2026-04-09 14:53:42 [DEBUG   ] easm-aegis: [NUCLEI] {"duration":"0:13:45","errors":"442","hosts":"100","matched":"0","percent":"9","requests":"80073","rps":"97","startedAt":"2026-04-09T14:39:57.48134+05:45","templates":"3915","total":"854000"}
2026-04-09 14:53:47 [DEBUG   ] easm-aegis: [NUCLEI] {"duration":"0:13:50","errors":"442","hosts":"100","matched":"0","percent":"9","requests":"80147","rps":"96","startedAt":"2026-04-09T14:39:57.48134+05:45","templates":"3915","total":"854000"}
2026-04-09 14:53:52 [DEBUG   ] easm-aegis: [NUCLEI] {"duration":"0:13:55","errors":"442","hosts":"100","matched":"0","percent":"9","requests":"80183","rps":"95","startedAt":"2026-04-09T14:39:57.48134+05:45","templates":"3915","total":"854000"}
2026-04-09 14:53:57 [DEBUG   ] easm-aegis: [NUCLEI] {"duration":"0:14:00","errors":"442","hosts":"100","matched":"0","percent":"9","requests":"80265","rps":"95","startedAt":"2026-04-09T14:39:57.48134+05:45","templates":"3915","total":"854000"}
2026-04-09 14:54:02 [DEBUG   ] easm-aegis: [NUCLEI] {"duration":"0:14:05","errors":"442","hosts":"100","matched":"0","percent":"9","requests":"80352","rps":"95","startedAt":"2026-04-09T14:39:57.48134+05:45","templates":"3915","total":"854000"}
2026-04-09 14:54:07 [DEBUG   ] easm-aegis: [NUCLEI] {"duration":"0:14:10","errors":"442","hosts":"100","matched":"0","percent":"9","requests":"80598","rps":"94","startedAt":"2026-04-09T14:39:57.48134+05:45","templates":"3915","total":"854000"}
2026-04-09 14:54:12 [DEBUG   ] easm-aegis: [NUCLEI] {"duration":"0:14:15","errors":"442","hosts":"100","matched":"0","percent":"9","requests":"81074","rps":"94","startedAt":"2026-04-09T14:39:57.48134+05:45","templates":"3915","total":"854000"}
2026-04-09 14:54:17 [DEBUG   ] easm-aegis: [NUCLEI] {"duration":"0:14:20","errors":"442","hosts":"100","matched":"0","percent":"9","requests":"81428","rps":"94","startedAt":"2026-04-09T14:39:57.48134+05:45","templates":"3915","total":"854000"}
2026-04-09 14:54:22 [DEBUG   ] easm-aegis: [NUCLEI] {"duration":"0:14:25","errors":"442","hosts":"100","matched":"0","percent":"9","requests":"81830","rps":"94","startedAt":"2026-04-09T14:39:57.48134+05:45","templates":"3915","total":"854000"}
2026-04-09 14:54:27 [DEBUG   ] easm-aegis: [NUCLEI] {"duration":"0:14:30","errors":"442","hosts":"100","matched":"0","percent":"9","requests":"82144","rps":"94","startedAt":"2026-04-09T14:39:57.48134+05:45","templates":"3915","total":"854000"}
2026-04-09 14:54:32 [DEBUG   ] easm-aegis: [NUCLEI] {"duration":"0:14:35","errors":"442","hosts":"100","matched":"0","percent":"9","requests":"82567","rps":"94","startedAt":"2026-04-09T14:39:57.48134+05:45","templates":"3915","total":"854000"}
2026-04-09 14:54:37 [DEBUG   ] easm-aegis: [NUCLEI] {"duration":"0:14:40","errors":"442","hosts":"100","matched":"0","percent":"9","requests":"83019","rps":"94","startedAt":"2026-04-09T14:39:57.48134+05:45","templates":"3915","total":"854000"}
2026-04-09 14:54:42 [DEBUG   ] easm-aegis: [NUCLEI] {"duration":"0:14:45","errors":"442","hosts":"100","matched":"0","percent":"9","requests":"84178","rps":"95","startedAt":"2026-04-09T14:39:57.48134+05:45","templates":"3915","total":"854000"}
2026-04-09 14:54:47 [DEBUG   ] easm-aegis: [NUCLEI] {"duration":"0:14:50","errors":"442","hosts":"100","matched":"0","percent":"9","requests":"84652","rps":"95","startedAt":"2026-04-09T14:39:57.48134+05:45","templates":"3915","total":"854000"}
2026-04-09 14:54:52 [DEBUG   ] easm-aegis: [NUCLEI] {"duration":"0:14:55","errors":"442","hosts":"100","matched":"0","percent":"9","requests":"84804","rps":"94","startedAt":"2026-04-09T14:39:57.48134+05:45","templates":"3915","total":"854000"}
2026-04-09 14:54:57 [DEBUG   ] easm-aegis: [NUCLEI] {"duration":"0:15:00","errors":"442","hosts":"100","matched":"0","percent":"9","requests":"84868","rps":"94","startedAt":"2026-04-09T14:39:57.48134+05:45","templates":"3915","total":"854000"}
2026-04-09 14:55:02 [DEBUG   ] easm-aegis: [NUCLEI] {"duration":"0:15:05","errors":"442","hosts":"100","matched":"0","percent":"9","requests":"84908","rps":"93","startedAt":"2026-04-09T14:39:57.48134+05:45","templates":"3915","total":"854000"}
2026-04-09 14:55:07 [DEBUG   ] easm-aegis: [NUCLEI] {"duration":"0:15:10","errors":"442","hosts":"100","matched":"0","percent":"9","requests":"85092","rps":"93","startedAt":"2026-04-09T14:39:57.48134+05:45","templates":"3915","total":"854000"}
2026-04-09 14:55:12 [DEBUG   ] easm-aegis: [NUCLEI] {"duration":"0:15:15","errors":"442","hosts":"100","matched":"0","percent":"9","requests":"85377","rps":"93","startedAt":"2026-04-09T14:39:57.48134+05:45","templates":"3915","total":"854000"}
2026-04-09 14:55:17 [DEBUG   ] easm-aegis: [NUCLEI] {"duration":"0:15:20","errors":"442","hosts":"100","matched":"0","percent":"10","requests":"85795","rps":"93","startedAt":"2026-04-09T14:39:57.48134+05:45","templates":"3915","total":"854000"}
2026-04-09 14:55:22 [DEBUG   ] easm-aegis: [NUCLEI] {"duration":"0:15:25","errors":"442","hosts":"100","matched":"0","percent":"10","requests":"86221","rps":"93","startedAt":"2026-04-09T14:39:57.48134+05:45","templates":"3915","total":"854000"}
2026-04-09 14:55:27 [DEBUG   ] easm-aegis: [NUCLEI] {"duration":"0:15:30","errors":"442","hosts":"100","matched":"0","percent":"10","requests":"86576","rps":"93","startedAt":"2026-04-09T14:39:57.48134+05:45","templates":"3915","total":"854000"}
2026-04-09 14:55:32 [DEBUG   ] easm-aegis: [NUCLEI] {"duration":"0:15:35","errors":"442","hosts":"100","matched":"0","percent":"10","requests":"87009","rps":"93","startedAt":"2026-04-09T14:39:57.48134+05:45","templates":"3915","total":"854000"}
2026-04-09 14:55:37 [DEBUG   ] easm-aegis: [NUCLEI] {"duration":"0:15:40","errors":"442","hosts":"100","matched":"0","percent":"10","requests":"87360","rps":"92","startedAt":"2026-04-09T14:39:57.48134+05:45","templates":"3915","total":"854000"}
2026-04-09 14:55:42 [DEBUG   ] easm-aegis: [NUCLEI] {"duration":"0:15:45","errors":"442","hosts":"100","matched":"0","percent":"10","requests":"87674","rps":"92","startedAt":"2026-04-09T14:39:57.48134+05:45","templates":"3915","total":"854000"}
2026-04-09 14:55:47 [DEBUG   ] easm-aegis: [NUCLEI] {"duration":"0:15:50","errors":"442","hosts":"100","matched":"0","percent":"10","requests":"87999","rps":"92","startedAt":"2026-04-09T14:39:57.48134+05:45","templates":"3915","total":"854000"}
2026-04-09 14:55:52 [DEBUG   ] easm-aegis: [NUCLEI] {"duration":"0:15:55","errors":"442","hosts":"100","matched":"0","percent":"10","requests":"88393","rps":"92","startedAt":"2026-04-09T14:39:57.48134+05:45","templates":"3915","total":"854000"}
2026-04-09 14:55:57 [DEBUG   ] easm-aegis: [NUCLEI] {"duration":"0:16:00","errors":"442","hosts":"100","matched":"0","percent":"10","requests":"88702","rps":"92","startedAt":"2026-04-09T14:39:57.48134+05:45","templates":"3915","total":"854000"}
2026-04-09 14:56:02 [DEBUG   ] easm-aegis: [NUCLEI] {"duration":"0:16:05","errors":"442","hosts":"100","matched":"0","percent":"10","requests":"89060","rps":"92","startedAt":"2026-04-09T14:39:57.48134+05:45","templates":"3915","total":"854000"}
2026-04-09 14:56:07 [DEBUG   ] easm-aegis: [NUCLEI] {"duration":"0:16:10","errors":"442","hosts":"100","matched":"0","percent":"10","requests":"89387","rps":"92","startedAt":"2026-04-09T14:39:57.48134+05:45","templates":"3915","total":"854000"}
2026-04-09 14:56:12 [DEBUG   ] easm-aegis: [NUCLEI] {"duration":"0:16:15","errors":"442","hosts":"100","matched":"0","percent":"10","requests":"89720","rps":"91","startedAt":"2026-04-09T14:39:57.48134+05:45","templates":"3915","total":"854000"}
2026-04-09 14:56:17 [DEBUG   ] easm-aegis: [NUCLEI] {"duration":"0:16:20","errors":"442","hosts":"100","matched":"0","percent":"10","requests":"90103","rps":"91","startedAt":"2026-04-09T14:39:57.48134+05:45","templates":"3915","total":"854000"}
2026-04-09 14:56:22 [DEBUG   ] easm-aegis: [NUCLEI] {"duration":"0:16:25","errors":"442","hosts":"100","matched":"0","percent":"10","requests":"90468","rps":"91","startedAt":"2026-04-09T14:39:57.48134+05:45","templates":"3915","total":"854000"}
2026-04-09 14:56:27 [DEBUG   ] easm-aegis: [NUCLEI] {"duration":"0:16:30","errors":"442","hosts":"100","matched":"0","percent":"10","requests":"90958","rps":"91","startedAt":"2026-04-09T14:39:57.48134+05:45","templates":"3915","total":"854000"}
2026-04-09 14:56:32 [DEBUG   ] easm-aegis: [NUCLEI] {"duration":"0:16:35","errors":"442","hosts":"100","matched":"0","percent":"10","requests":"91262","rps":"91","startedAt":"2026-04-09T14:39:57.48134+05:45","templates":"3915","total":"854000"}
2026-04-09 14:56:37 [DEBUG   ] easm-aegis: [NUCLEI] {"duration":"0:16:40","errors":"442","hosts":"100","matched":"0","percent":"10","requests":"91589","rps":"91","startedAt":"2026-04-09T14:39:57.48134+05:45","templates":"3915","total":"854000"}
2026-04-09 14:56:42 [DEBUG   ] easm-aegis: [NUCLEI] {"duration":"0:16:45","errors":"442","hosts":"100","matched":"0","percent":"10","requests":"91865","rps":"91","startedAt":"2026-04-09T14:39:57.48134+05:45","templates":"3915","total":"854000"}
2026-04-09 14:56:47 [DEBUG   ] easm-aegis: [NUCLEI] {"duration":"0:16:50","errors":"442","hosts":"100","matched":"0","percent":"10","requests":"92136","rps":"91","startedAt":"2026-04-09T14:39:57.48134+05:45","templates":"3915","total":"854000"}
2026-04-09 14:56:52 [DEBUG   ] easm-aegis: [NUCLEI] {"duration":"0:16:55","errors":"442","hosts":"100","matched":"0","percent":"10","requests":"92469","rps":"91","startedAt":"2026-04-09T14:39:57.48134+05:45","templates":"3915","total":"854000"}
2026-04-09 14:56:57 [DEBUG   ] easm-aegis: [NUCLEI] {"duration":"0:17:00","errors":"442","hosts":"100","matched":"0","percent":"10","requests":"92711","rps":"90","startedAt":"2026-04-09T14:39:57.48134+05:45","templates":"3915","total":"854000"}
2026-04-09 14:57:02 [DEBUG   ] easm-aegis: [NUCLEI] {"duration":"0:17:05","errors":"442","hosts":"100","matched":"0","percent":"10","requests":"93016","rps":"90","startedAt":"2026-04-09T14:39:57.48134+05:45","templates":"3915","total":"854000"}
2026-04-09 14:57:07 [DEBUG   ] easm-aegis: [NUCLEI] {"duration":"0:17:10","errors":"442","hosts":"100","matched":"0","percent":"10","requests":"93353","rps":"90","startedAt":"2026-04-09T14:39:57.48134+05:45","templates":"3915","total":"854000"}
2026-04-09 14:57:12 [DEBUG   ] easm-aegis: [NUCLEI] {"duration":"0:17:15","errors":"442","hosts":"100","matched":"0","percent":"10","requests":"93507","rps":"90","startedAt":"2026-04-09T14:39:57.48134+05:45","templates":"3915","total":"854000"}
2026-04-09 14:57:17 [DEBUG   ] easm-aegis: [NUCLEI] {"duration":"0:17:20","errors":"442","hosts":"100","matched":"0","percent":"10","requests":"93827","rps":"90","startedAt":"2026-04-09T14:39:57.48134+05:45","templates":"3915","total":"854000"}
2026-04-09 14:57:22 [DEBUG   ] easm-aegis: [NUCLEI] {"duration":"0:17:25","errors":"442","hosts":"100","matched":"0","percent":"11","requests":"94205","rps":"90","startedAt":"2026-04-09T14:39:57.48134+05:45","templates":"3915","total":"854000"}
2026-04-09 14:57:27 [DEBUG   ] easm-aegis: [NUCLEI] {"duration":"0:17:30","errors":"442","hosts":"100","matched":"0","percent":"11","requests":"94892","rps":"90","startedAt":"2026-04-09T14:39:57.48134+05:45","templates":"3915","total":"854000"}
2026-04-09 14:57:32 [DEBUG   ] easm-aegis: [NUCLEI] {"duration":"0:17:35","errors":"442","hosts":"100","matched":"0","percent":"11","requests":"95295","rps":"90","startedAt":"2026-04-09T14:39:57.48134+05:45","templates":"3915","total":"854000"}
2026-04-09 14:57:37 [DEBUG   ] easm-aegis: [NUCLEI] {"duration":"0:17:40","errors":"442","hosts":"100","matched":"0","percent":"11","requests":"95632","rps":"90","startedAt":"2026-04-09T14:39:57.48134+05:45","templates":"3915","total":"854000"}
2026-04-09 14:57:42 [DEBUG   ] easm-aegis: [NUCLEI] {"duration":"0:17:45","errors":"442","hosts":"100","matched":"0","percent":"11","requests":"95993","rps":"90","startedAt":"2026-04-09T14:39:57.48134+05:45","templates":"3915","total":"854000"}
2026-04-09 14:57:47 [DEBUG   ] easm-aegis: [NUCLEI] {"duration":"0:17:50","errors":"442","hosts":"100","matched":"0","percent":"11","requests":"96430","rps":"90","startedAt":"2026-04-09T14:39:57.48134+05:45","templates":"3915","total":"854000"}
2026-04-09 14:57:52 [DEBUG   ] easm-aegis: [NUCLEI] {"duration":"0:17:55","errors":"442","hosts":"100","matched":"0","percent":"11","requests":"96745","rps":"89","startedAt":"2026-04-09T14:39:57.48134+05:45","templates":"3915","total":"854000"}
2026-04-09 14:57:57 [DEBUG   ] easm-aegis: [NUCLEI] {"duration":"0:18:00","errors":"442","hosts":"100","matched":"0","percent":"11","requests":"97069","rps":"89","startedAt":"2026-04-09T14:39:57.48134+05:45","templates":"3915","total":"854000"}
2026-04-09 14:58:02 [DEBUG   ] easm-aegis: [NUCLEI] {"duration":"0:18:05","errors":"442","hosts":"100","matched":"0","percent":"11","requests":"97513","rps":"89","startedAt":"2026-04-09T14:39:57.48134+05:45","templates":"3915","total":"854000"}
2026-04-09 14:58:07 [DEBUG   ] easm-aegis: [NUCLEI] {"duration":"0:18:10","errors":"442","hosts":"100","matched":"0","percent":"11","requests":"97846","rps":"89","startedAt":"2026-04-09T14:39:57.48134+05:45","templates":"3915","total":"854000"}
2026-04-09 14:58:12 [DEBUG   ] easm-aegis: [NUCLEI] {"duration":"0:18:15","errors":"442","hosts":"100","matched":"0","percent":"11","requests":"98267","rps":"89","startedAt":"2026-04-09T14:39:57.48134+05:45","templates":"3915","total":"854000"}
2026-04-09 14:58:17 [DEBUG   ] easm-aegis: [NUCLEI] {"duration":"0:18:20","errors":"442","hosts":"100","matched":"0","percent":"11","requests":"98505","rps":"89","startedAt":"2026-04-09T14:39:57.48134+05:45","templates":"3915","total":"854000"}
2026-04-09 14:58:22 [DEBUG   ] easm-aegis: [NUCLEI] {"duration":"0:18:25","errors":"442","hosts":"100","matched":"0","percent":"11","requests":"98787","rps":"89","startedAt":"2026-04-09T14:39:57.48134+05:45","templates":"3915","total":"854000"}
2026-04-09 14:58:27 [DEBUG   ] easm-aegis: [NUCLEI] {"duration":"0:18:30","errors":"442","hosts":"100","matched":"0","percent":"11","requests":"99207","rps":"89","startedAt":"2026-04-09T14:39:57.48134+05:45","templates":"3915","total":"854000"}
2026-04-09 14:58:32 [DEBUG   ] easm-aegis: [NUCLEI] {"duration":"0:18:35","errors":"442","hosts":"100","matched":"0","percent":"11","requests":"99600","rps":"89","startedAt":"2026-04-09T14:39:57.48134+05:45","templates":"3915","total":"854000"}
2026-04-09 14:58:37 [DEBUG   ] easm-aegis: [NUCLEI] {"duration":"0:18:40","errors":"442","hosts":"100","matched":"0","percent":"11","requests":"100027","rps":"89","startedAt":"2026-04-09T14:39:57.48134+05:45","templates":"3915","total":"854000"}
2026-04-09 14:58:42 [DEBUG   ] easm-aegis: [NUCLEI] {"duration":"0:18:45","errors":"442","hosts":"100","matched":"0","percent":"11","requests":"100428","rps":"89","startedAt":"2026-04-09T14:39:57.48134+05:45","templates":"3915","total":"854000"}
2026-04-09 14:58:47 [DEBUG   ] easm-aegis: [NUCLEI] {"duration":"0:18:50","errors":"442","hosts":"100","matched":"0","percent":"11","requests":"100826","rps":"89","startedAt":"2026-04-09T14:39:57.48134+05:45","templates":"3915","total":"854000"}
2026-04-09 14:58:52 [DEBUG   ] easm-aegis: [NUCLEI] {"duration":"0:18:55","errors":"442","hosts":"100","matched":"0","percent":"11","requests":"101256","rps":"89","startedAt":"2026-04-09T14:39:57.48134+05:45","templates":"3915","total":"854000"}
2026-04-09 14:58:57 [DEBUG   ] easm-aegis: [NUCLEI] {"duration":"0:19:00","errors":"442","hosts":"100","matched":"0","percent":"11","requests":"101654","rps":"89","startedAt":"2026-04-09T14:39:57.48134+05:45","templates":"3915","total":"854000"}
2026-04-09 14:59:02 [DEBUG   ] easm-aegis: [NUCLEI] {"duration":"0:19:05","errors":"442","hosts":"100","matched":"0","percent":"11","requests":"102141","rps":"89","startedAt":"2026-04-09T14:39:57.48134+05:45","templates":"3915","total":"854000"}
2026-04-09 14:59:07 [DEBUG   ] easm-aegis: [NUCLEI] {"duration":"0:19:10","errors":"442","hosts":"100","matched":"0","percent":"12","requests":"102516","rps":"89","startedAt":"2026-04-09T14:39:57.48134+05:45","templates":"3915","total":"854000"}
2026-04-09 14:59:12 [DEBUG   ] easm-aegis: [NUCLEI] {"duration":"0:19:15","errors":"442","hosts":"100","matched":"0","percent":"12","requests":"103057","rps":"89","startedAt":"2026-04-09T14:39:57.48134+05:45","templates":"3915","total":"854000"}
2026-04-09 14:59:17 [DEBUG   ] easm-aegis: [NUCLEI] {"duration":"0:19:20","errors":"442","hosts":"100","matched":"0","percent":"12","requests":"103413","rps":"89","startedAt":"2026-04-09T14:39:57.48134+05:45","templates":"3915","total":"854000"}
2026-04-09 14:59:22 [DEBUG   ] easm-aegis: [NUCLEI] {"duration":"0:19:25","errors":"442","hosts":"100","matched":"0","percent":"12","requests":"104302","rps":"89","startedAt":"2026-04-09T14:39:57.48134+05:45","templates":"3915","total":"854000"}
2026-04-09 14:59:27 [DEBUG   ] easm-aegis: [NUCLEI] {"duration":"0:19:30","errors":"442","hosts":"100","matched":"0","percent":"12","requests":"104804","rps":"89","startedAt":"2026-04-09T14:39:57.48134+05:45","templates":"3915","total":"854000"}
2026-04-09 14:59:32 [DEBUG   ] easm-aegis: [NUCLEI] {"duration":"0:19:35","errors":"442","hosts":"100","matched":"0","percent":"12","requests":"105049","rps":"89","startedAt":"2026-04-09T14:39:57.48134+05:45","templates":"3915","total":"854000"}
2026-04-09 14:59:37 [DEBUG   ] easm-aegis: [NUCLEI] {"duration":"0:19:40","errors":"442","hosts":"100","matched":"0","percent":"12","requests":"105498","rps":"89","startedAt":"2026-04-09T14:39:57.48134+05:45","templates":"3915","total":"854000"}
2026-04-09 14:59:42 [DEBUG   ] easm-aegis: [NUCLEI] {"duration":"0:19:45","errors":"442","hosts":"100","matched":"0","percent":"12","requests":"105846","rps":"89","startedAt":"2026-04-09T14:39:57.48134+05:45","templates":"3915","total":"854000"}
2026-04-09 14:59:47 [DEBUG   ] easm-aegis: [NUCLEI] {"duration":"0:19:50","errors":"442","hosts":"100","matched":"0","percent":"12","requests":"106214","rps":"89","startedAt":"2026-04-09T14:39:57.48134+05:45","templates":"3915","total":"854000"}
2026-04-09 14:59:52 [DEBUG   ] easm-aegis: [NUCLEI] {"duration":"0:19:55","errors":"442","hosts":"100","matched":"0","percent":"12","requests":"106634","rps":"89","startedAt":"2026-04-09T14:39:57.48134+05:45","templates":"3915","total":"854000"}
2026-04-09 14:59:57 [DEBUG   ] easm-aegis: [NUCLEI] {"duration":"0:20:00","errors":"442","hosts":"100","matched":"0","percent":"12","requests":"106975","rps":"89","startedAt":"2026-04-09T14:39:57.48134+05:45","templates":"3915","total":"854000"}
2026-04-09 15:00:02 [DEBUG   ] easm-aegis: [NUCLEI] {"duration":"0:20:05","errors":"442","hosts":"100","matched":"0","percent":"12","requests":"107279","rps":"89","startedAt":"2026-04-09T14:39:57.48134+05:45","templates":"3915","total":"854000"}
2026-04-09 15:00:07 [DEBUG   ] easm-aegis: [NUCLEI] {"duration":"0:20:10","errors":"442","hosts":"100","matched":"0","percent":"12","requests":"107569","rps":"88","startedAt":"2026-04-09T14:39:57.48134+05:45","templates":"3915","total":"854000"}
2026-04-09 15:00:12 [DEBUG   ] easm-aegis: [NUCLEI] {"duration":"0:20:15","errors":"442","hosts":"100","matched":"0","percent":"12","requests":"107902","rps":"88","startedAt":"2026-04-09T14:39:57.48134+05:45","templates":"3915","total":"854000"}
2026-04-09 15:00:17 [DEBUG   ] easm-aegis: [NUCLEI] {"duration":"0:20:20","errors":"442","hosts":"100","matched":"0","percent":"12","requests":"108095","rps":"88","startedAt":"2026-04-09T14:39:57.48134+05:45","templates":"3915","total":"854000"}
2026-04-09 15:00:22 [DEBUG   ] easm-aegis: [NUCLEI] {"duration":"0:20:25","errors":"442","hosts":"100","matched":"0","percent":"12","requests":"108422","rps":"88","startedAt":"2026-04-09T14:39:57.48134+05:45","templates":"3915","total":"854000"}
2026-04-09 15:00:27 [DEBUG   ] easm-aegis: [NUCLEI] {"duration":"0:20:30","errors":"442","hosts":"100","matched":"0","percent":"12","requests":"108776","rps":"88","startedAt":"2026-04-09T14:39:57.48134+05:45","templates":"3915","total":"854000"}
2026-04-09 15:00:32 [DEBUG   ] easm-aegis: [NUCLEI] {"duration":"0:20:35","errors":"442","hosts":"100","matched":"0","percent":"12","requests":"109180","rps":"88","startedAt":"2026-04-09T14:39:57.48134+05:45","templates":"3915","total":"854000"}
2026-04-09 15:00:37 [DEBUG   ] easm-aegis: [NUCLEI] {"duration":"0:20:40","errors":"442","hosts":"100","matched":"0","percent":"12","requests":"109622","rps":"88","startedAt":"2026-04-09T14:39:57.48134+05:45","templates":"3915","total":"854000"}
2026-04-09 15:00:42 [DEBUG   ] easm-aegis: [NUCLEI] {"duration":"0:20:45","errors":"442","hosts":"100","matched":"0","percent":"12","requests":"109998","rps":"88","startedAt":"2026-04-09T14:39:57.48134+05:45","templates":"3915","total":"854000"}
2026-04-09 15:00:47 [DEBUG   ] easm-aegis: [NUCLEI] {"duration":"0:20:50","errors":"442","hosts":"100","matched":"0","percent":"12","requests":"110348","rps":"88","startedAt":"2026-04-09T14:39:57.48134+05:45","templates":"3915","total":"854000"}
2026-04-09 15:00:52 [DEBUG   ] easm-aegis: [NUCLEI] {"duration":"0:20:55","errors":"442","hosts":"100","matched":"0","percent":"12","requests":"110723","rps":"88","startedAt":"2026-04-09T14:39:57.48134+05:45","templates":"3915","total":"854000"}
2026-04-09 15:00:57 [DEBUG   ] easm-aegis: [NUCLEI] {"duration":"0:21:00","errors":"442","hosts":"100","matched":"0","percent":"13","requests":"111086","rps":"88","startedAt":"2026-04-09T14:39:57.48134+05:45","templates":"3915","total":"854000"}
2026-04-09 15:00:59 [INFO    ] easm-aegis: Generating remediation plan for servicenow.com
2026-04-09 15:01:00 [INFO    ] easm-aegis: Plan generated: 2 items (KEV: 0, CVE: 0)
2026-04-09 15:01:00 [INFO    ] easm-aegis: Priority breakdown: {'fix_immediately': 0, 'fix_this_week': 0, 'fix_this_month': 0, 'fix_next_quarter': 0, 'informational': 2}
2026-04-09 15:01:02 [DEBUG   ] easm-aegis: [NUCLEI] {"duration":"0:21:05","errors":"442","hosts":"100","matched":"0","percent":"13","requests":"111456","rps":"88","startedAt":"2026-04-09T14:39:57.48134+05:45","templates":"3915","total":"854000"}
2026-04-09 15:01:07 [DEBUG   ] easm-aegis: [NUCLEI] {"duration":"0:21:10","errors":"442","hosts":"100","matched":"0","percent":"13","requests":"111820","rps":"88","startedAt":"2026-04-09T14:39:57.48134+05:45","templates":"3915","total":"854000"}
2026-04-09 15:01:12 [DEBUG   ] easm-aegis: [NUCLEI] {"duration":"0:21:15","errors":"442","hosts":"100","matched":"0","percent":"13","requests":"112215","rps":"87","startedAt":"2026-04-09T14:39:57.48134+05:45","templates":"3915","total":"854000"}
2026-04-09 15:01:17 [DEBUG   ] easm-aegis: [NUCLEI] {"duration":"0:21:20","errors":"442","hosts":"100","matched":"0","percent":"13","requests":"112604","rps":"87","startedAt":"2026-04-09T14:39:57.48134+05:45","templates":"3915","total":"854000"}
2026-04-09 15:01:22 [DEBUG   ] easm-aegis: [NUCLEI] {"duration":"0:21:25","errors":"442","hosts":"100","matched":"0","percent":"13","requests":"113038","rps":"87","startedAt":"2026-04-09T14:39:57.48134+05:45","templates":"3915","total":"854000"}
2026-04-09 15:01:27 [DEBUG   ] easm-aegis: [NUCLEI] {"duration":"0:21:30","errors":"442","hosts":"100","matched":"0","percent":"13","requests":"113413","rps":"87","startedAt":"2026-04-09T14:39:57.48134+05:45","templates":"3915","total":"854000"}
2026-04-09 15:01:32 [DEBUG   ] easm-aegis: [NUCLEI] {"duration":"0:21:35","errors":"442","hosts":"100","matched":"0","percent":"13","requests":"113768","rps":"87","startedAt":"2026-04-09T14:39:57.48134+05:45","templates":"3915","total":"854000"}
2026-04-09 15:01:37 [DEBUG   ] easm-aegis: [NUCLEI] {"duration":"0:21:40","errors":"442","hosts":"100","matched":"0","percent":"13","requests":"114184","rps":"87","startedAt":"2026-04-09T14:39:57.48134+05:45","templates":"3915","total":"854000"}
2026-04-09 15:01:42 [DEBUG   ] easm-aegis: [NUCLEI] {"duration":"0:21:45","errors":"442","hosts":"100","matched":"0","percent":"13","requests":"114533","rps":"87","startedAt":"2026-04-09T14:39:57.48134+05:45","templates":"3915","total":"854000"}
2026-04-09 15:01:47 [DEBUG   ] easm-aegis: [NUCLEI] {"duration":"0:21:50","errors":"442","hosts":"100","matched":"0","percent":"13","requests":"114924","rps":"87","startedAt":"2026-04-09T14:39:57.48134+05:45","templates":"3915","total":"854000"}
2026-04-09 15:01:50 [INFO    ] easm-aegis: Added new target: kebalbadal.com.np (id: 69d76e82a684aabf187505a2)
2026-04-09 15:01:50 [INFO    ] easm-aegis: Background email harvest started for kebalbadal.com.np
2026-04-09 15:01:50 [INFO    ] easm-aegis: Email harvesting thread started for kebalbadal.com.np
2026-04-09 15:01:50 [INFO    ] easm-aegis: 
============================================================
2026-04-09 15:01:50 [INFO    ] easm-aegis: [EMAIL] Starting email harvest for: kebalbadal.com.np
2026-04-09 15:01:50 [INFO    ] easm-aegis: ============================================================
2026-04-09 15:01:50 [INFO    ] easm-aegis: [EMAIL] Running theHarvester on kebalbadal.com.np...
2026-04-09 15:01:50 [DEBUG   ] easm-aegis: [EMAIL] Running command: C:\Users\thapa\OneDrive\Pictures\EASM AEGIS project\easm code\venv\Scripts\python.exe -m theHarvester -d kebalbadal.com.np -b google,bing,linkedin,yahoo,dnsdumpster,threatminer -l 200 -f C:\Users\thapa\OneDrive\Pictures\EASM AEGIS project\easm code\core\..\temp\theharvester_kebalbadal.com.np.json
2026-04-09 15:01:52 [DEBUG   ] easm-aegis: [EMAIL] theHarvester output sample: Read proxies.yaml from C:\Users\thapa\.theHarvester\proxies.yaml


2026-04-09 15:01:52 [INFO    ] easm-aegis: [EMAIL] Extracted 0 emails from text output
2026-04-09 15:01:52 [INFO    ] easm-aegis: [EMAIL] theHarvester found 0 emails total
2026-04-09 15:01:52 [INFO    ] easm-aegis: [EMAIL] Querying Hunter.io for kebalbadal.com.np...
2026-04-09 15:01:52 [DEBUG   ] easm-aegis: [NUCLEI] {"duration":"0:21:55","errors":"442","hosts":"100","matched":"0","percent":"13","requests":"115309","rps":"87","startedAt":"2026-04-09T14:39:57.48134+05:45","templates":"3915","total":"854000"}
2026-04-09 15:01:57 [DEBUG   ] easm-aegis: [NUCLEI] {"duration":"0:22:00","errors":"442","hosts":"100","matched":"0","percent":"13","requests":"115675","rps":"87","startedAt":"2026-04-09T14:39:57.48134+05:45","templates":"3915","total":"854000"}
2026-04-09 15:02:02 [DEBUG   ] easm-aegis: [NUCLEI] {"duration":"0:22:05","errors":"442","hosts":"100","matched":"0","percent":"13","requests":"116013","rps":"87","startedAt":"2026-04-09T14:39:57.48134+05:45","templates":"3915","total":"854000"}
2026-04-09 15:02:03 [INFO    ] easm-aegis: ============================================================
2026-04-09 15:02:03 [INFO    ] easm-aegis: Full scan starting for: kebalbadal.com.np (scan_id: 69d76e8fa684aabf187505a3)
2026-04-09 15:02:03 [INFO    ] easm-aegis: ============================================================
2026-04-09 15:02:03 [INFO    ] easm-aegis: ============================================================
2026-04-09 15:02:03 [INFO    ] easm-aegis: Starting full scan — ID: 69d76e8fa684aabf187505a3
2026-04-09 15:02:03 [INFO    ] easm-aegis: Target: kebalbadal.com.np
2026-04-09 15:02:03 [INFO    ] easm-aegis: ============================================================
2026-04-09 15:02:03 [INFO    ] easm-aegis: [SHODAN] Discovering subdomains for {domain}...
2026-04-09 15:02:07 [DEBUG   ] easm-aegis: [NUCLEI] {"duration":"0:22:10","errors":"442","hosts":"100","matched":"0","percent":"13","requests":"116303","rps":"87","startedAt":"2026-04-09T14:39:57.48134+05:45","templates":"3915","total":"854000"}
2026-04-09 15:02:12 [DEBUG   ] easm-aegis: [NUCLEI] {"duration":"0:22:15","errors":"442","hosts":"100","matched":"0","percent":"13","requests":"116639","rps":"87","startedAt":"2026-04-09T14:39:57.48134+05:45","templates":"3915","total":"854000"}
2026-04-09 15:02:17 [DEBUG   ] easm-aegis: [NUCLEI] {"duration":"0:22:20","errors":"442","hosts":"100","matched":"0","percent":"13","requests":"116938","rps":"87","startedAt":"2026-04-09T14:39:57.48134+05:45","templates":"3915","total":"854000"}
2026-04-09 15:02:22 [DEBUG   ] easm-aegis: [NUCLEI] {"duration":"0:22:25","errors":"442","hosts":"100","matched":"0","percent":"13","requests":"117245","rps":"87","startedAt":"2026-04-09T14:39:57.48134+05:45","templates":"3915","total":"854000"}
2026-04-09 15:02:23 [WARNING ] easm-aegis: [EMAIL] Hunter.io HTTP 400
2026-04-09 15:02:23 [INFO    ] easm-aegis: [EMAIL] Querying Phonebook.cz for kebalbadal.com.np...
2026-04-09 15:02:27 [DEBUG   ] easm-aegis: [NUCLEI] {"duration":"0:22:30","errors":"442","hosts":"100","matched":"0","percent":"13","requests":"117543","rps":"87","startedAt":"2026-04-09T14:39:57.48134+05:45","templates":"3915","total":"854000"}
2026-04-09 15:02:32 [DEBUG   ] easm-aegis: [NUCLEI] {"duration":"0:22:35","errors":"442","hosts":"100","matched":"0","percent":"13","requests":"117863","rps":"86","startedAt":"2026-04-09T14:39:57.48134+05:45","templates":"3915","total":"854000"}
2026-04-09 15:02:37 [DEBUG   ] easm-aegis: [NUCLEI] {"duration":"0:22:40","errors":"442","hosts":"100","matched":"0","percent":"13","requests":"118236","rps":"86","startedAt":"2026-04-09T14:39:57.48134+05:45","templates":"3915","total":"854000"}
2026-04-09 15:02:42 [DEBUG   ] easm-aegis: [NUCLEI] {"duration":"0:22:45","errors":"442","hosts":"100","matched":"0","percent":"13","requests":"118529","rps":"86","startedAt":"2026-04-09T14:39:57.48134+05:45","templates":"3915","total":"854000"}
2026-04-09 15:02:47 [DEBUG   ] easm-aegis: [NUCLEI] {"duration":"0:22:50","errors":"442","hosts":"100","matched":"0","percent":"13","requests":"118914","rps":"86","startedAt":"2026-04-09T14:39:57.48134+05:45","templates":"3915","total":"854000"}
2026-04-09 15:02:47 [INFO    ] easm-aegis: [SHODAN] Searching for hosts matching {domain}...
2026-04-09 15:02:48 [INFO    ] easm-aegis: [SHODAN] Found 0 results
2026-04-09 15:02:48 [INFO    ] easm-aegis: [SHODAN]   Subdomains: 1
2026-04-09 15:02:48 [INFO    ] easm-aegis: [SHODAN]   IPs: 0
2026-04-09 15:02:48 [INFO    ] easm-aegis: [SHODAN]   Ports: 0
2026-04-09 15:02:48 [INFO    ] easm-aegis: [SHODAN]   CVEs: 0
2026-04-09 15:02:48 [INFO    ] easm-aegis: Phase 0a: Shodan — 1 subs, 0 ports, 0 CVEs
2026-04-09 15:02:48 [ERROR   ] easm-aegis: Phase 0 failed: cannot import name 'is_available' from 'core.censys_recon' (C:\Users\thapa\OneDrive\Pictures\EASM AEGIS project\easm code\core\censys_recon.py)
Traceback (most recent call last):
  File "C:\Users\thapa\OneDrive\Pictures\EASM AEGIS project\easm code\core\scanner.py", line 658, in run_full_scan
    from core.censys_recon import (
    ...<2 lines>...
    )
ImportError: cannot import name 'is_available' from 'core.censys_recon' (C:\Users\thapa\OneDrive\Pictures\EASM AEGIS project\easm code\core\censys_recon.py)
2026-04-09 15:02:48 [INFO    ] easm-aegis: [SUBFINDER] Running: C:\Users\thapa\OneDrive\Pictures\EASM AEGIS project\easm code\tools\subfinder.exe -d kebalbadal.com.np -silent -oJ
2026-04-09 15:02:52 [DEBUG   ] easm-aegis: [NUCLEI] {"duration":"0:22:55","errors":"442","hosts":"100","matched":"0","percent":"13","requests":"119308","rps":"86","startedAt":"2026-04-09T14:39:57.48134+05:45","templates":"3915","total":"854000"}
2026-04-09 15:02:57 [DEBUG   ] easm-aegis: [NUCLEI] {"duration":"0:23:00","errors":"442","hosts":"100","matched":"0","percent":"14","requests":"119615","rps":"86","startedAt":"2026-04-09T14:39:57.48134+05:45","templates":"3915","total":"854000"}
2026-04-09 15:02:59 [INFO    ] easm-aegis: [EMAIL] Phonebook.cz found 0 emails
2026-04-09 15:02:59 [INFO    ] easm-aegis: 
[EMAIL] Harvest complete:
2026-04-09 15:02:59 [INFO    ] easm-aegis: [EMAIL] Total unique emails: 0
2026-04-09 15:02:59 [INFO    ] easm-aegis:   [✓] theharvester: 0 emails
2026-04-09 15:02:59 [INFO    ] easm-aegis:   [✗] hunter_io: 0 emails
2026-04-09 15:02:59 [INFO    ] easm-aegis:   [✓] phonebook: 0 emails
2026-04-09 15:02:59 [INFO    ] easm-aegis: [EMAIL] No emails found - skipping breach check
2026-04-09 15:03:02 [DEBUG   ] easm-aegis: [NUCLEI] {"duration":"0:23:05","errors":"442","hosts":"100","matched":"0","percent":"14","requests":"120072","rps":"86","startedAt":"2026-04-09T14:39:57.48134+05:45","templates":"3915","total":"854000"}
2026-04-09 15:03:07 [DEBUG   ] easm-aegis: [NUCLEI] {"duration":"0:23:10","errors":"442","hosts":"100","matched":"0","percent":"14","requests":"120418","rps":"86","startedAt":"2026-04-09T14:39:57.48134+05:45","templates":"3915","total":"854000"}
2026-04-09 15:03:12 [DEBUG   ] easm-aegis: [NUCLEI] {"duration":"0:23:15","errors":"442","hosts":"100","matched":"0","percent":"14","requests":"120745","rps":"86","startedAt":"2026-04-09T14:39:57.48134+05:45","templates":"3915","total":"854000"}
2026-04-09 15:03:17 [DEBUG   ] easm-aegis: [NUCLEI] {"duration":"0:23:20","errors":"442","hosts":"100","matched":"0","percent":"14","requests":"121040","rps":"86","startedAt":"2026-04-09T14:39:57.48134+05:45","templates":"3915","total":"854000"}
2026-04-09 15:03:19 [INFO    ] easm-aegis: [CRT.SH] Querying certificate transparency logs for kebalbadal.com.np
2026-04-09 15:03:22 [DEBUG   ] easm-aegis: [NUCLEI] {"duration":"0:23:25","errors":"442","hosts":"100","matched":"0","percent":"14","requests":"121367","rps":"86","startedAt":"2026-04-09T14:39:57.48134+05:45","templates":"3915","total":"854000"}
2026-04-09 15:03:27 [DEBUG   ] easm-aegis: [NUCLEI] {"duration":"0:23:30","errors":"442","hosts":"100","matched":"0","percent":"14","requests":"121791","rps":"86","startedAt":"2026-04-09T14:39:57.48134+05:45","templates":"3915","total":"854000"}
2026-04-09 15:03:32 [DEBUG   ] easm-aegis: [NUCLEI] {"duration":"0:23:35","errors":"442","hosts":"100","matched":"0","percent":"14","requests":"122131","rps":"86","startedAt":"2026-04-09T14:39:57.48134+05:45","templates":"3915","total":"854000"}
2026-04-09 15:03:37 [DEBUG   ] easm-aegis: [NUCLEI] {"duration":"0:23:40","errors":"442","hosts":"100","matched":"0","percent":"14","requests":"122545","rps":"86","startedAt":"2026-04-09T14:39:57.48134+05:45","templates":"3915","total":"854000"}
2026-04-09 15:03:42 [DEBUG   ] easm-aegis: [NUCLEI] {"duration":"0:23:45","errors":"442","hosts":"100","matched":"0","percent":"14","requests":"122901","rps":"86","startedAt":"2026-04-09T14:39:57.48134+05:45","templates":"3915","total":"854000"}
2026-04-09 15:03:47 [DEBUG   ] easm-aegis: [NUCLEI] {"duration":"0:23:50","errors":"442","hosts":"100","matched":"0","percent":"14","requests":"123321","rps":"86","startedAt":"2026-04-09T14:39:57.48134+05:45","templates":"3915","total":"854000"}
2026-04-09 15:03:52 [DEBUG   ] easm-aegis: [NUCLEI] {"duration":"0:23:55","errors":"442","hosts":"100","matched":"0","percent":"14","requests":"123748","rps":"86","startedAt":"2026-04-09T14:39:57.48134+05:45","templates":"3915","total":"854000"}
2026-04-09 15:03:57 [DEBUG   ] easm-aegis: [NUCLEI] {"duration":"0:24:00","errors":"442","hosts":"100","matched":"0","percent":"14","requests":"124105","rps":"86","startedAt":"2026-04-09T14:39:57.48134+05:45","templates":"3915","total":"854000"}
2026-04-09 15:04:02 [DEBUG   ] easm-aegis: [NUCLEI] {"duration":"0:24:05","errors":"442","hosts":"100","matched":"0","percent":"14","requests":"124575","rps":"86","startedAt":"2026-04-09T14:39:57.48134+05:45","templates":"3915","total":"854000"}
2026-04-09 15:04:07 [DEBUG   ] easm-aegis: [NUCLEI] {"duration":"0:24:10","errors":"442","hosts":"100","matched":"0","percent":"14","requests":"124887","rps":"86","startedAt":"2026-04-09T14:39:57.48134+05:45","templates":"3915","total":"854000"}
2026-04-09 15:04:11 [WARNING ] easm-aegis: [CRT.SH] Request timed out for kebalbadal.com.np
2026-04-09 15:04:11 [INFO    ] easm-aegis: [SUBFINDER] Found 1 subdomains for kebalbadal.com.np
2026-04-09 15:04:11 [INFO    ] easm-aegis: Merged: 1 active + 1 passive = 1 total subdomains
2026-04-09 15:04:11 [INFO    ] easm-aegis: Phase 1 complete: 1 subdomains
2026-04-09 15:04:11 [INFO    ] easm-aegis: Passive covered 0 hosts (Shodan: 0, Censys: 0), Naabu scanning 1
2026-04-09 15:04:11 [INFO    ] easm-aegis: Starting port scanning on 1 hosts (1 batches)
2026-04-09 15:04:11 [INFO    ] easm-aegis: [NAABU] Processing batch 1/1 (1 hosts)...
2026-04-09 15:04:12 [DEBUG   ] easm-aegis: [NUCLEI] {"duration":"0:24:15","errors":"442","hosts":"100","matched":"0","percent":"14","requests":"125427","rps":"86","startedAt":"2026-04-09T14:39:57.48134+05:45","templates":"3915","total":"854000"}
2026-04-09 15:04:17 [DEBUG   ] easm-aegis: [NUCLEI] {"duration":"0:24:20","errors":"442","hosts":"100","matched":"0","percent":"14","requests":"125753","rps":"86","startedAt":"2026-04-09T14:39:57.48134+05:45","templates":"3915","total":"854000"}
2026-04-09 15:04:22 [DEBUG   ] easm-aegis: [NUCLEI] {"duration":"0:24:25","errors":"442","hosts":"100","matched":"0","percent":"14","requests":"126107","rps":"86","startedAt":"2026-04-09T14:39:57.48134+05:45","templates":"3915","total":"854000"}
2026-04-09 15:04:27 [DEBUG   ] easm-aegis: [NUCLEI] {"duration":"0:24:30","errors":"442","hosts":"100","matched":"0","percent":"14","requests":"126395","rps":"85","startedAt":"2026-04-09T14:39:57.48134+05:45","templates":"3915","total":"854000"}
2026-04-09 15:04:32 [DEBUG   ] easm-aegis: [NUCLEI] {"duration":"0:24:35","errors":"442","hosts":"100","matched":"0","percent":"14","requests":"126726","rps":"85","startedAt":"2026-04-09T14:39:57.48134+05:45","templates":"3915","total":"854000"}
2026-04-09 15:04:33 [INFO    ] easm-aegis: [NAABU] Batch 1/1 complete. Found 4 open ports.
2026-04-09 15:04:33 [INFO    ] easm-aegis: Port scanning complete. Total found: 4 open ports
2026-04-09 15:04:33 [INFO    ] easm-aegis: Phase 2 complete: 4 ports (Passive: 0 hosts, Naabu: 1 hosts)
2026-04-09 15:04:33 [INFO    ] easm-aegis: [HTTPX] Starting HTTP probing on 1 hosts
2026-04-09 15:04:35 [INFO    ] easm-aegis: [HTTPX] Found 1 HTTP assets
2026-04-09 15:04:35 [INFO    ] easm-aegis: Phase 3 complete: 1 HTTP assets
2026-04-09 15:04:35 [INFO    ] easm-aegis: ============================================================
2026-04-09 15:04:35 [INFO    ] easm-aegis: INTELLIGENT SCAN PLAN v2:
2026-04-09 15:04:35 [INFO    ] easm-aegis:   Tier 1A: 0 CVE verifications across 0 hosts
2026-04-09 15:04:35 [INFO    ] easm-aegis:   Tier 1B: 0 tech-targeted hosts
2026-04-09 15:04:35 [INFO    ] easm-aegis:   Tier 2A: 0 port-informed hosts
2026-04-09 15:04:35 [INFO    ] easm-aegis:   Tier 2B: 1 header-mined hosts
2026-04-09 15:04:35 [INFO    ] easm-aegis:   Tier 2C: 1 catch-all web hosts (critical+high only)
2026-04-09 15:04:35 [INFO    ] easm-aegis:   Tier 2C-NET: 0 non-web hosts (network templates only)
2026-04-09 15:04:35 [INFO    ] easm-aegis:   Shodan CVEs: 0 total, 0 with templates, 0 without
2026-04-09 15:04:35 [INFO    ] easm-aegis: ============================================================
2026-04-09 15:04:35 [INFO    ] easm-aegis:   Tier 2B: 1 hosts with tags [cloudflare]
2026-04-09 15:04:35 [INFO    ] easm-aegis: ==================================================
2026-04-09 15:04:35 [INFO    ] easm-aegis: Nuclei scan starting [tech-targeted (tags: cloudflare)]
2026-04-09 15:04:35 [INFO    ] easm-aegis: Targets: 1 | Severity: critical,high,medium,low | Concurrency: 25 | Timeout: 1800s
2026-04-09 15:04:35 [DEBUG   ] easm-aegis: Targets written to: C:\Users\thapa\AppData\Local\Temp\nuclei_targets_vqwwaiby.txt (1 URLs)
2026-04-09 15:04:35 [INFO    ] easm-aegis:   Using tech tags: cloudflare
2026-04-09 15:04:35 [INFO    ] easm-aegis: Nuclei scan running...
2026-04-09 15:04:35 [INFO    ] easm-aegis: [NUCLEI] Starting: nuclei.exe
2026-04-09 15:04:35 [INFO    ] easm-aegis: [NUCLEI] Timeout: 1800 seconds
2026-04-09 15:04:37 [DEBUG   ] easm-aegis: [NUCLEI] {"duration":"0:00:01","errors":"0","hosts":"1","matched":"0","percent":"100","requests":"2","rps":"2","startedAt":"2026-04-09T15:04:36.5922445+05:45","templates":"2","total":"2"}
2026-04-09 15:04:37 [DEBUG   ] easm-aegis: [NUCLEI] {"duration":"0:00:01","errors":"0","hosts":"1","matched":"0","percent":"100","requests":"2","rps":"2","startedAt":"2026-04-09T15:04:36.5922445+05:45","templates":"2","total":"2"}
2026-04-09 15:04:37 [INFO    ] easm-aegis: [NUCLEI] Completed (exit code: 0)
2026-04-09 15:04:37 [DEBUG   ] easm-aegis: Raw output: 0 bytes, 0 lines
2026-04-09 15:04:37 [INFO    ] easm-aegis: Nuclei scan complete [tech-targeted (tags: cloudflare)]: 0 vulnerabilities
2026-04-09 15:04:37 [INFO    ] easm-aegis: Breakdown: Critical=0, High=0, Medium=0, Low=0, Info=0
2026-04-09 15:04:37 [INFO    ] easm-aegis:   Tier 2C: 1 targets
2026-04-09 15:04:37 [INFO    ] easm-aegis: ==================================================
2026-04-09 15:04:37 [INFO    ] easm-aegis: Nuclei scan starting [broad (all)]
2026-04-09 15:04:37 [INFO    ] easm-aegis: Targets: 1 | Severity: critical,high | Concurrency: 25 | Timeout: 1800s
2026-04-09 15:04:37 [DEBUG   ] easm-aegis: Targets written to: C:\Users\thapa\AppData\Local\Temp\nuclei_targets_8zgd9lr3.txt (2 URLs)
2026-04-09 15:04:37 [INFO    ] easm-aegis: Nuclei scan running...
2026-04-09 15:04:37 [INFO    ] easm-aegis: [NUCLEI] Starting: nuclei.exe
2026-04-09 15:04:37 [INFO    ] easm-aegis: [NUCLEI] Timeout: 1800 seconds
2026-04-09 15:04:37 [DEBUG   ] easm-aegis: [NUCLEI] {"duration":"0:24:40","errors":"442","hosts":"100","matched":"0","percent":"14","requests":"127092","rps":"85","startedAt":"2026-04-09T14:39:57.48134+05:45","templates":"3915","total":"854000"}
2026-04-09 15:04:42 [DEBUG   ] easm-aegis: [NUCLEI] {"duration":"0:24:45","errors":"442","hosts":"100","matched":"0","percent":"14","requests":"127412","rps":"85","startedAt":"2026-04-09T14:39:57.48134+05:45","templates":"3915","total":"854000"}
2026-04-09 15:04:45 [DEBUG   ] easm-aegis: [NUCLEI] {"duration":"0:00:05","errors":"0","hosts":"2","matched":"0","percent":"2","requests":"398","rps":"75","startedAt":"2026-04-09T15:04:40.1006119+05:45","templates":"3915","total":"17080"}
2026-04-09 15:04:47 [DEBUG   ] easm-aegis: [NUCLEI] {"duration":"0:24:50","errors":"467","hosts":"100","matched":"0","percent":"14","requests":"127721","rps":"85","startedAt":"2026-04-09T14:39:57.48134+05:45","templates":"3915","total":"854000"}
2026-04-09 15:04:50 [DEBUG   ] easm-aegis: [NUCLEI] {"duration":"0:00:10","errors":"0","hosts":"2","matched":"0","percent":"6","requests":"1167","rps":"113","startedAt":"2026-04-09T15:04:40.1006119+05:45","templates":"3915","total":"17080"}
2026-04-09 15:04:52 [DEBUG   ] easm-aegis: [NUCLEI] {"duration":"0:24:55","errors":"467","hosts":"100","matched":"0","percent":"14","requests":"128020","rps":"85","startedAt":"2026-04-09T14:39:57.48134+05:45","templates":"3915","total":"854000"}
2026-04-09 15:04:55 [DEBUG   ] easm-aegis: [NUCLEI] {"duration":"0:00:15","errors":"0","hosts":"2","matched":"0","percent":"9","requests":"1625","rps":"106","startedAt":"2026-04-09T15:04:40.1006119+05:45","templates":"3915","total":"17080"}
2026-04-09 15:04:57 [DEBUG   ] easm-aegis: [NUCLEI] {"duration":"0:25:00","errors":"492","hosts":"100","matched":"0","percent":"15","requests":"128328","rps":"85","startedAt":"2026-04-09T14:39:57.48134+05:45","templates":"3915","total":"854000"}
2026-04-09 15:05:00 [DEBUG   ] easm-aegis: [NUCLEI] {"duration":"0:00:20","errors":"0","hosts":"2","matched":"0","percent":"11","requests":"1910","rps":"94","startedAt":"2026-04-09T15:04:40.1006119+05:45","templates":"3915","total":"17080"}
2026-04-09 15:05:02 [DEBUG   ] easm-aegis: [NUCLEI] {"duration":"0:25:05","errors":"492","hosts":"100","matched":"0","percent":"15","requests":"128695","rps":"85","startedAt":"2026-04-09T14:39:57.48134+05:45","templates":"3915","total":"854000"}
2026-04-09 15:05:05 [DEBUG   ] easm-aegis: [NUCLEI] {"duration":"0:00:25","errors":"8","hosts":"2","matched":"0","percent":"13","requests":"2278","rps":"90","startedAt":"2026-04-09T15:04:40.1006119+05:45","templates":"3915","total":"17080"}
2026-04-09 15:05:07 [DEBUG   ] easm-aegis: [NUCLEI] {"duration":"0:25:10","errors":"517","hosts":"100","matched":"0","percent":"15","requests":"129046","rps":"85","startedAt":"2026-04-09T14:39:57.48134+05:45","templates":"3915","total":"854000"}
2026-04-09 15:05:10 [DEBUG   ] easm-aegis: [NUCLEI] {"duration":"0:00:30","errors":"8","hosts":"2","matched":"0","percent":"15","requests":"2643","rps":"87","startedAt":"2026-04-09T15:04:40.1006119+05:45","templates":"3915","total":"17080"}
2026-04-09 15:05:12 [DEBUG   ] easm-aegis: [NUCLEI] {"duration":"0:25:15","errors":"517","hosts":"100","matched":"0","percent":"15","requests":"129418","rps":"85","startedAt":"2026-04-09T14:39:57.48134+05:45","templates":"3915","total":"854000"}
2026-04-09 15:05:15 [DEBUG   ] easm-aegis: [NUCLEI] {"duration":"0:00:35","errors":"10","hosts":"2","matched":"0","percent":"17","requests":"3021","rps":"85","startedAt":"2026-04-09T15:04:40.1006119+05:45","templates":"3915","total":"17080"}
2026-04-09 15:05:17 [DEBUG   ] easm-aegis: [NUCLEI] {"duration":"0:25:20","errors":"538","hosts":"100","matched":"0","percent":"15","requests":"129922","rps":"85","startedAt":"2026-04-09T14:39:57.48134+05:45","templates":"3915","total":"854000"}
2026-04-09 15:05:20 [DEBUG   ] easm-aegis: [NUCLEI] {"duration":"0:00:40","errors":"10","hosts":"2","matched":"0","percent":"19","requests":"3410","rps":"84","startedAt":"2026-04-09T15:04:40.1006119+05:45","templates":"3915","total":"17080"}
2026-04-09 15:05:22 [DEBUG   ] easm-aegis: [NUCLEI] {"duration":"0:25:25","errors":"538","hosts":"100","matched":"0","percent":"15","requests":"130263","rps":"85","startedAt":"2026-04-09T14:39:57.48134+05:45","templates":"3915","total":"854000"}
2026-04-09 15:05:25 [DEBUG   ] easm-aegis: [NUCLEI] {"duration":"0:00:45","errors":"10","hosts":"2","matched":"0","percent":"22","requests":"3870","rps":"85","startedAt":"2026-04-09T15:04:40.1006119+05:45","templates":"3915","total":"17080"}
2026-04-09 15:05:27 [DEBUG   ] easm-aegis: [NUCLEI] {"duration":"0:25:30","errors":"538","hosts":"100","matched":"0","percent":"15","requests":"130664","rps":"85","startedAt":"2026-04-09T14:39:57.48134+05:45","templates":"3915","total":"854000"}
2026-04-09 15:05:30 [DEBUG   ] easm-aegis: [NUCLEI] {"duration":"0:00:50","errors":"10","hosts":"2","matched":"0","percent":"24","requests":"4225","rps":"84","startedAt":"2026-04-09T15:04:40.1006119+05:45","templates":"3915","total":"17080"}
2026-04-09 15:05:32 [DEBUG   ] easm-aegis: [NUCLEI] {"duration":"0:25:35","errors":"538","hosts":"100","matched":"0","percent":"15","requests":"131061","rps":"85","startedAt":"2026-04-09T14:39:57.48134+05:45","templates":"3915","total":"854000"}
2026-04-09 15:05:35 [DEBUG   ] easm-aegis: [NUCLEI] {"duration":"0:00:55","errors":"10","hosts":"2","matched":"0","percent":"27","requests":"4652","rps":"84","startedAt":"2026-04-09T15:04:40.1006119+05:45","templates":"3915","total":"17080"}
2026-04-09 15:05:37 [DEBUG   ] easm-aegis: [NUCLEI] {"duration":"0:25:40","errors":"538","hosts":"100","matched":"0","percent":"15","requests":"131603","rps":"85","startedAt":"2026-04-09T14:39:57.48134+05:45","templates":"3915","total":"854000"}
2026-04-09 15:05:40 [DEBUG   ] easm-aegis: [NUCLEI] {"duration":"0:01:00","errors":"14","hosts":"2","matched":"0","percent":"29","requests":"5083","rps":"84","startedAt":"2026-04-09T15:04:40.1006119+05:45","templates":"3915","total":"17080"}
2026-04-09 15:05:42 [DEBUG   ] easm-aegis: [NUCLEI] {"duration":"0:25:45","errors":"538","hosts":"100","matched":"0","percent":"15","requests":"131923","rps":"85","startedAt":"2026-04-09T14:39:57.48134+05:45","templates":"3915","total":"854000"}
2026-04-09 15:05:45 [DEBUG   ] easm-aegis: [NUCLEI] {"duration":"0:01:05","errors":"14","hosts":"2","matched":"0","percent":"32","requests":"5552","rps":"85","startedAt":"2026-04-09T15:04:40.1006119+05:45","templates":"3915","total":"17080"}
2026-04-09 15:05:47 [DEBUG   ] easm-aegis: [NUCLEI] {"duration":"0:25:50","errors":"538","hosts":"100","matched":"0","percent":"15","requests":"132295","rps":"85","startedAt":"2026-04-09T14:39:57.48134+05:45","templates":"3915","total":"854000"}
2026-04-09 15:05:50 [DEBUG   ] easm-aegis: [NUCLEI] {"duration":"0:01:10","errors":"14","hosts":"2","matched":"0","percent":"36","requests":"6163","rps":"87","startedAt":"2026-04-09T15:04:40.1006119+05:45","templates":"3915","total":"17080"}
2026-04-09 15:05:52 [DEBUG   ] easm-aegis: [NUCLEI] {"duration":"0:25:55","errors":"538","hosts":"100","matched":"0","percent":"15","requests":"132678","rps":"85","startedAt":"2026-04-09T14:39:57.48134+05:45","templates":"3915","total":"854000"}
2026-04-09 15:05:55 [DEBUG   ] easm-aegis: [NUCLEI] {"duration":"0:01:15","errors":"14","hosts":"2","matched":"0","percent":"38","requests":"6637","rps":"88","startedAt":"2026-04-09T15:04:40.1006119+05:45","templates":"3915","total":"17080"}
2026-04-09 15:05:57 [DEBUG   ] easm-aegis: [NUCLEI] {"duration":"0:26:00","errors":"538","hosts":"100","matched":"0","percent":"15","requests":"133066","rps":"85","startedAt":"2026-04-09T14:39:57.48134+05:45","templates":"3915","total":"854000"}
2026-04-09 15:06:00 [DEBUG   ] easm-aegis: [NUCLEI] {"duration":"0:01:20","errors":"16","hosts":"2","matched":"0","percent":"41","requests":"7033","rps":"87","startedAt":"2026-04-09T15:04:40.1006119+05:45","templates":"3915","total":"17080"}
2026-04-09 15:06:02 [DEBUG   ] easm-aegis: [NUCLEI] {"duration":"0:26:05","errors":"538","hosts":"100","matched":"0","percent":"15","requests":"133362","rps":"85","startedAt":"2026-04-09T14:39:57.48134+05:45","templates":"3915","total":"854000"}
2026-04-09 15:06:05 [DEBUG   ] easm-aegis: [NUCLEI] {"duration":"0:01:25","errors":"16","hosts":"2","matched":"0","percent":"45","requests":"7704","rps":"90","startedAt":"2026-04-09T15:04:40.1006119+05:45","templates":"3915","total":"17080"}
2026-04-09 15:06:07 [DEBUG   ] easm-aegis: [NUCLEI] {"duration":"0:26:10","errors":"538","hosts":"100","matched":"0","percent":"15","requests":"133710","rps":"85","startedAt":"2026-04-09T14:39:57.48134+05:45","templates":"3915","total":"854000"}
2026-04-09 15:06:10 [DEBUG   ] easm-aegis: [NUCLEI] {"duration":"0:01:30","errors":"16","hosts":"2","matched":"0","percent":"46","requests":"8016","rps":"88","startedAt":"2026-04-09T15:04:40.1006119+05:45","templates":"3915","total":"17080"}
2026-04-09 15:06:12 [DEBUG   ] easm-aegis: [NUCLEI] {"duration":"0:26:15","errors":"538","hosts":"100","matched":"0","percent":"15","requests":"134091","rps":"85","startedAt":"2026-04-09T14:39:57.48134+05:45","templates":"3915","total":"854000"}
2026-04-09 15:06:15 [DEBUG   ] easm-aegis: [NUCLEI] {"duration":"0:01:35","errors":"20","hosts":"2","matched":"0","percent":"48","requests":"8348","rps":"87","startedAt":"2026-04-09T15:04:40.1006119+05:45","templates":"3915","total":"17080"}
2026-04-09 15:06:17 [DEBUG   ] easm-aegis: [NUCLEI] {"duration":"0:26:20","errors":"538","hosts":"100","matched":"0","percent":"15","requests":"134411","rps":"85","startedAt":"2026-04-09T14:39:57.48134+05:45","templates":"3915","total":"854000"}
2026-04-09 15:06:20 [DEBUG   ] easm-aegis: [NUCLEI] {"duration":"0:01:40","errors":"20","hosts":"2","matched":"0","percent":"50","requests":"8636","rps":"86","startedAt":"2026-04-09T15:04:40.1006119+05:45","templates":"3915","total":"17080"}
2026-04-09 15:06:22 [DEBUG   ] easm-aegis: [NUCLEI] {"duration":"0:26:25","errors":"538","hosts":"100","matched":"0","percent":"15","requests":"134732","rps":"84","startedAt":"2026-04-09T14:39:57.48134+05:45","templates":"3915","total":"854000"}
2026-04-09 15:06:25 [DEBUG   ] easm-aegis: [NUCLEI] {"duration":"0:01:45","errors":"20","hosts":"2","matched":"0","percent":"52","requests":"8960","rps":"85","startedAt":"2026-04-09T15:04:40.1006119+05:45","templates":"3915","total":"17080"}
2026-04-09 15:06:27 [DEBUG   ] easm-aegis: [NUCLEI] {"duration":"0:26:30","errors":"538","hosts":"100","matched":"0","percent":"15","requests":"135071","rps":"84","startedAt":"2026-04-09T14:39:57.48134+05:45","templates":"3915","total":"854000"}
2026-04-09 15:06:30 [DEBUG   ] easm-aegis: [NUCLEI] {"duration":"0:01:50","errors":"20","hosts":"2","matched":"0","percent":"54","requests":"9291","rps":"84","startedAt":"2026-04-09T15:04:40.1006119+05:45","templates":"3915","total":"17080"}
2026-04-09 15:06:32 [DEBUG   ] easm-aegis: [NUCLEI] {"duration":"0:26:35","errors":"538","hosts":"100","matched":"0","percent":"15","requests":"135380","rps":"84","startedAt":"2026-04-09T14:39:57.48134+05:45","templates":"3915","total":"854000"}
2026-04-09 15:06:35 [DEBUG   ] easm-aegis: [NUCLEI] {"duration":"0:01:55","errors":"20","hosts":"2","matched":"0","percent":"57","requests":"9830","rps":"85","startedAt":"2026-04-09T15:04:40.1006119+05:45","templates":"3915","total":"17080"}
2026-04-09 15:06:37 [DEBUG   ] easm-aegis: [NUCLEI] {"duration":"0:26:40","errors":"538","hosts":"100","matched":"0","percent":"15","requests":"135818","rps":"84","startedAt":"2026-04-09T14:39:57.48134+05:45","templates":"3915","total":"854000"}
2026-04-09 15:06:40 [DEBUG   ] easm-aegis: [NUCLEI] {"duration":"0:02:00","errors":"20","hosts":"2","matched":"0","percent":"58","requests":"10037","rps":"83","startedAt":"2026-04-09T15:04:40.1006119+05:45","templates":"3915","total":"17080"}
2026-04-09 15:06:42 [DEBUG   ] easm-aegis: [NUCLEI] {"duration":"0:26:45","errors":"538","hosts":"100","matched":"0","percent":"15","requests":"136113","rps":"84","startedAt":"2026-04-09T14:39:57.48134+05:45","templates":"3915","total":"854000"}
2026-04-09 15:06:45 [DEBUG   ] easm-aegis: [NUCLEI] {"duration":"0:02:05","errors":"20","hosts":"2","matched":"0","percent":"60","requests":"10297","rps":"82","startedAt":"2026-04-09T15:04:40.1006119+05:45","templates":"3915","total":"17080"}
2026-04-09 15:06:47 [DEBUG   ] easm-aegis: [NUCLEI] {"duration":"0:26:50","errors":"538","hosts":"100","matched":"0","percent":"15","requests":"136507","rps":"84","startedAt":"2026-04-09T14:39:57.48134+05:45","templates":"3915","total":"854000"}
2026-04-09 15:06:50 [DEBUG   ] easm-aegis: [NUCLEI] {"duration":"0:02:10","errors":"20","hosts":"2","matched":"0","percent":"62","requests":"10600","rps":"81","startedAt":"2026-04-09T15:04:40.1006119+05:45","templates":"3915","total":"17080"}
2026-04-09 15:06:52 [DEBUG   ] easm-aegis: [NUCLEI] {"duration":"0:26:55","errors":"538","hosts":"100","matched":"0","percent":"16","requests":"136855","rps":"84","startedAt":"2026-04-09T14:39:57.48134+05:45","templates":"3915","total":"854000"}
2026-04-09 15:06:55 [DEBUG   ] easm-aegis: [NUCLEI] {"duration":"0:02:15","errors":"20","hosts":"2","matched":"0","percent":"63","requests":"10907","rps":"80","startedAt":"2026-04-09T15:04:40.1006119+05:45","templates":"3915","total":"17080"}
2026-04-09 15:06:57 [DEBUG   ] easm-aegis: [NUCLEI] {"duration":"0:27:00","errors":"538","hosts":"100","matched":"0","percent":"16","requests":"137250","rps":"84","startedAt":"2026-04-09T14:39:57.48134+05:45","templates":"3915","total":"854000"}
2026-04-09 15:07:00 [DEBUG   ] easm-aegis: [NUCLEI] {"duration":"0:02:20","errors":"20","hosts":"2","matched":"0","percent":"72","requests":"12317","rps":"87","startedAt":"2026-04-09T15:04:40.1006119+05:45","templates":"3915","total":"17080"}
2026-04-09 15:07:02 [DEBUG   ] easm-aegis: [NUCLEI] {"duration":"0:27:05","errors":"538","hosts":"100","matched":"0","percent":"16","requests":"137561","rps":"84","startedAt":"2026-04-09T14:39:57.48134+05:45","templates":"3915","total":"854000"}
2026-04-09 15:07:05 [DEBUG   ] easm-aegis: [NUCLEI] {"duration":"0:02:25","errors":"20","hosts":"2","matched":"0","percent":"74","requests":"12678","rps":"87","startedAt":"2026-04-09T15:04:40.1006119+05:45","templates":"3915","total":"17080"}
2026-04-09 15:07:07 [DEBUG   ] easm-aegis: [NUCLEI] {"duration":"0:27:10","errors":"538","hosts":"100","matched":"0","percent":"16","requests":"138020","rps":"84","startedAt":"2026-04-09T14:39:57.48134+05:45","templates":"3915","total":"854000"}
2026-04-09 15:07:10 [DEBUG   ] easm-aegis: [NUCLEI] {"duration":"0:02:30","errors":"20","hosts":"2","matched":"0","percent":"76","requests":"13082","rps":"87","startedAt":"2026-04-09T15:04:40.1006119+05:45","templates":"3915","total":"17080"}
2026-04-09 15:07:12 [DEBUG   ] easm-aegis: [NUCLEI] {"duration":"0:27:15","errors":"538","hosts":"100","matched":"0","percent":"16","requests":"138321","rps":"84","startedAt":"2026-04-09T14:39:57.48134+05:45","templates":"3915","total":"854000"}
2026-04-09 15:07:15 [DEBUG   ] easm-aegis: [NUCLEI] {"duration":"0:02:35","errors":"20","hosts":"2","matched":"0","percent":"77","requests":"13272","rps":"85","startedAt":"2026-04-09T15:04:40.1006119+05:45","templates":"3915","total":"17080"}
2026-04-09 15:07:17 [DEBUG   ] easm-aegis: [NUCLEI] {"duration":"0:27:20","errors":"538","hosts":"100","matched":"0","percent":"16","requests":"138786","rps":"84","startedAt":"2026-04-09T14:39:57.48134+05:45","templates":"3915","total":"854000"}
2026-04-09 15:07:20 [DEBUG   ] easm-aegis: [NUCLEI] {"duration":"0:02:40","errors":"20","hosts":"2","matched":"0","percent":"77","requests":"13276","rps":"82","startedAt":"2026-04-09T15:04:40.1006119+05:45","templates":"3915","total":"17080"}
2026-04-09 15:07:22 [DEBUG   ] easm-aegis: [NUCLEI] {"duration":"0:27:25","errors":"538","hosts":"100","matched":"0","percent":"16","requests":"139150","rps":"84","startedAt":"2026-04-09T14:39:57.48134+05:45","templates":"3915","total":"854000"}
2026-04-09 15:07:25 [DEBUG   ] easm-aegis: [NUCLEI] {"duration":"0:02:45","errors":"24","hosts":"2","matched":"0","percent":"77","requests":"13288","rps":"80","startedAt":"2026-04-09T15:04:40.1006119+05:45","templates":"3915","total":"17080"}
2026-04-09 15:07:27 [DEBUG   ] easm-aegis: [NUCLEI] {"duration":"0:27:30","errors":"538","hosts":"100","matched":"0","percent":"16","requests":"139528","rps":"84","startedAt":"2026-04-09T14:39:57.48134+05:45","templates":"3915","total":"854000"}
2026-04-09 15:07:30 [DEBUG   ] easm-aegis: [NUCLEI] {"duration":"0:02:50","errors":"32","hosts":"2","matched":"0","percent":"77","requests":"13294","rps":"78","startedAt":"2026-04-09T15:04:40.1006119+05:45","templates":"3915","total":"17080"}
2026-04-09 15:07:32 [DEBUG   ] easm-aegis: [NUCLEI] {"duration":"0:27:35","errors":"538","hosts":"100","matched":"0","percent":"16","requests":"139863","rps":"84","startedAt":"2026-04-09T14:39:57.48134+05:45","templates":"3915","total":"854000"}
2026-04-09 15:07:35 [DEBUG   ] easm-aegis: [NUCLEI] {"duration":"0:02:55","errors":"32","hosts":"2","matched":"0","percent":"77","requests":"13302","rps":"75","startedAt":"2026-04-09T15:04:40.1006119+05:45","templates":"3915","total":"17080"}
2026-04-09 15:07:37 [DEBUG   ] easm-aegis: [NUCLEI] {"duration":"0:27:40","errors":"538","hosts":"100","matched":"0","percent":"16","requests":"140176","rps":"84","startedAt":"2026-04-09T14:39:57.48134+05:45","templates":"3915","total":"854000"}
2026-04-09 15:07:40 [DEBUG   ] easm-aegis: [NUCLEI] {"duration":"0:03:00","errors":"32","hosts":"2","matched":"0","percent":"77","requests":"13302","rps":"73","startedAt":"2026-04-09T15:04:40.1006119+05:45","templates":"3915","total":"17080"}
2026-04-09 15:07:42 [DEBUG   ] easm-aegis: [NUCLEI] {"duration":"0:27:45","errors":"538","hosts":"100","matched":"0","percent":"16","requests":"140472","rps":"84","startedAt":"2026-04-09T14:39:57.48134+05:45","templates":"3915","total":"854000"}
2026-04-09 15:07:45 [DEBUG   ] easm-aegis: [NUCLEI] {"duration":"0:03:05","errors":"55","hosts":"2","matched":"0","percent":"78","requests":"13330","rps":"71","startedAt":"2026-04-09T15:04:40.1006119+05:45","templates":"3915","total":"17080"}
2026-04-09 15:07:47 [DEBUG   ] easm-aegis: [NUCLEI] {"duration":"0:27:50","errors":"538","hosts":"100","matched":"0","percent":"16","requests":"140967","rps":"84","startedAt":"2026-04-09T14:39:57.48134+05:45","templates":"3915","total":"854000"}
2026-04-09 15:07:50 [DEBUG   ] easm-aegis: [NUCLEI] {"duration":"0:03:10","errors":"59","hosts":"2","matched":"0","percent":"78","requests":"13339","rps":"70","startedAt":"2026-04-09T15:04:40.1006119+05:45","templates":"3915","total":"17080"}
2026-04-09 15:07:52 [DEBUG   ] easm-aegis: [NUCLEI] {"duration":"0:27:55","errors":"538","hosts":"100","matched":"0","percent":"16","requests":"141327","rps":"84","startedAt":"2026-04-09T14:39:57.48134+05:45","templates":"3915","total":"854000"}
2026-04-09 15:07:55 [DEBUG   ] easm-aegis: [NUCLEI] {"duration":"0:03:15","errors":"90","hosts":"2","matched":"0","percent":"78","requests":"13374","rps":"68","startedAt":"2026-04-09T15:04:40.1006119+05:45","templates":"3915","total":"17080"}
2026-04-09 15:07:57 [DEBUG   ] easm-aegis: [NUCLEI] {"duration":"0:28:00","errors":"538","hosts":"100","matched":"0","percent":"16","requests":"141633","rps":"84","startedAt":"2026-04-09T14:39:57.48134+05:45","templates":"3915","total":"854000"}
2026-04-09 15:08:00 [DEBUG   ] easm-aegis: [NUCLEI] {"duration":"0:03:20","errors":"105","hosts":"2","matched":"0","percent":"78","requests":"13458","rps":"67","startedAt":"2026-04-09T15:04:40.1006119+05:45","templates":"3915","total":"17080"}
2026-04-09 15:08:02 [DEBUG   ] easm-aegis: [NUCLEI] {"duration":"0:28:05","errors":"538","hosts":"100","matched":"0","percent":"16","requests":"142008","rps":"84","startedAt":"2026-04-09T14:39:57.48134+05:45","templates":"3915","total":"854000"}
2026-04-09 15:08:05 [DEBUG   ] easm-aegis: [NUCLEI] {"duration":"0:03:25","errors":"183","hosts":"2","matched":"0","percent":"80","requests":"13780","rps":"67","startedAt":"2026-04-09T15:04:40.1006119+05:45","templates":"3915","total":"17080"}
2026-04-09 15:08:07 [DEBUG   ] easm-aegis: [NUCLEI] {"duration":"0:28:10","errors":"538","hosts":"100","matched":"0","percent":"16","requests":"142442","rps":"84","startedAt":"2026-04-09T14:39:57.48134+05:45","templates":"3915","total":"854000"}
2026-04-09 15:08:10 [DEBUG   ] easm-aegis: [NUCLEI] {"duration":"0:03:30","errors":"189","hosts":"2","matched":"0","percent":"82","requests":"14093","rps":"67","startedAt":"2026-04-09T15:04:40.1006119+05:45","templates":"3915","total":"17080"}
2026-04-09 15:08:12 [DEBUG   ] easm-aegis: [NUCLEI] {"duration":"0:28:15","errors":"538","hosts":"100","matched":"0","percent":"16","requests":"142859","rps":"84","startedAt":"2026-04-09T14:39:57.48134+05:45","templates":"3915","total":"854000"}
2026-04-09 15:08:15 [DEBUG   ] easm-aegis: [NUCLEI] {"duration":"0:03:35","errors":"189","hosts":"2","matched":"0","percent":"84","requests":"14386","rps":"66","startedAt":"2026-04-09T15:04:40.1006119+05:45","templates":"3915","total":"17080"}
2026-04-09 15:08:17 [DEBUG   ] easm-aegis: [NUCLEI] {"duration":"0:28:20","errors":"538","hosts":"100","matched":"0","percent":"16","requests":"143257","rps":"84","startedAt":"2026-04-09T14:39:57.48134+05:45","templates":"3915","total":"854000"}
2026-04-09 15:08:20 [DEBUG   ] easm-aegis: [NUCLEI] {"duration":"0:03:40","errors":"189","hosts":"2","matched":"0","percent":"86","requests":"14697","rps":"66","startedAt":"2026-04-09T15:04:40.1006119+05:45","templates":"3915","total":"17080"}
2026-04-09 15:08:22 [DEBUG   ] easm-aegis: [NUCLEI] {"duration":"0:28:25","errors":"538","hosts":"100","matched":"0","percent":"16","requests":"143681","rps":"84","startedAt":"2026-04-09T14:39:57.48134+05:45","templates":"3915","total":"854000"}
2026-04-09 15:08:25 [DEBUG   ] easm-aegis: [NUCLEI] {"duration":"0:03:45","errors":"189","hosts":"2","matched":"0","percent":"87","requests":"14988","rps":"66","startedAt":"2026-04-09T15:04:40.1006119+05:45","templates":"3915","total":"17080"}
2026-04-09 15:08:27 [DEBUG   ] easm-aegis: [NUCLEI] {"duration":"0:28:30","errors":"538","hosts":"100","matched":"0","percent":"16","requests":"144087","rps":"84","startedAt":"2026-04-09T14:39:57.48134+05:45","templates":"3915","total":"854000"}
2026-04-09 15:08:30 [DEBUG   ] easm-aegis: [NUCLEI] {"duration":"0:03:50","errors":"189","hosts":"2","matched":"0","percent":"89","requests":"15294","rps":"66","startedAt":"2026-04-09T15:04:40.1006119+05:45","templates":"3915","total":"17080"}
2026-04-09 15:08:32 [DEBUG   ] easm-aegis: [NUCLEI] {"duration":"0:28:35","errors":"538","hosts":"100","matched":"0","percent":"16","requests":"144463","rps":"84","startedAt":"2026-04-09T14:39:57.48134+05:45","templates":"3915","total":"854000"}
2026-04-09 15:08:35 [DEBUG   ] easm-aegis: [NUCLEI] {"duration":"0:03:55","errors":"189","hosts":"2","matched":"0","percent":"91","requests":"15592","rps":"66","startedAt":"2026-04-09T15:04:40.1006119+05:45","templates":"3915","total":"17080"}
2026-04-09 15:08:37 [DEBUG   ] easm-aegis: [NUCLEI] {"duration":"0:28:40","errors":"538","hosts":"100","matched":"0","percent":"16","requests":"144803","rps":"84","startedAt":"2026-04-09T14:39:57.48134+05:45","templates":"3915","total":"854000"}
2026-04-09 15:08:40 [DEBUG   ] easm-aegis: [NUCLEI] {"duration":"0:04:00","errors":"189","hosts":"2","matched":"0","percent":"93","requests":"15894","rps":"66","startedAt":"2026-04-09T15:04:40.1006119+05:45","templates":"3915","total":"17080"}
2026-04-09 15:08:42 [DEBUG   ] easm-aegis: [NUCLEI] {"duration":"0:28:45","errors":"538","hosts":"100","matched":"0","percent":"16","requests":"145171","rps":"84","startedAt":"2026-04-09T14:39:57.48134+05:45","templates":"3915","total":"854000"}
2026-04-09 15:08:45 [DEBUG   ] easm-aegis: [NUCLEI] {"duration":"0:04:05","errors":"189","hosts":"2","matched":"0","percent":"94","requests":"16192","rps":"66","startedAt":"2026-04-09T15:04:40.1006119+05:45","templates":"3915","total":"17080"}
2026-04-09 15:08:47 [DEBUG   ] easm-aegis: [NUCLEI] {"duration":"0:28:50","errors":"538","hosts":"100","matched":"0","percent":"17","requests":"145527","rps":"84","startedAt":"2026-04-09T14:39:57.48134+05:45","templates":"3915","total":"854000"}
2026-04-09 15:08:50 [DEBUG   ] easm-aegis: [NUCLEI] {"duration":"0:04:10","errors":"189","hosts":"2","matched":"0","percent":"96","requests":"16486","rps":"65","startedAt":"2026-04-09T15:04:40.1006119+05:45","templates":"3915","total":"17080"}
2026-04-09 15:08:52 [DEBUG   ] easm-aegis: [NUCLEI] {"duration":"0:28:55","errors":"538","hosts":"100","matched":"0","percent":"17","requests":"145827","rps":"84","startedAt":"2026-04-09T14:39:57.48134+05:45","templates":"3915","total":"854000"}
2026-04-09 15:08:55 [DEBUG   ] easm-aegis: [NUCLEI] {"duration":"0:04:15","errors":"189","hosts":"2","matched":"0","percent":"97","requests":"16701","rps":"65","startedAt":"2026-04-09T15:04:40.1006119+05:45","templates":"3915","total":"17080"}
2026-04-09 15:08:57 [DEBUG   ] easm-aegis: [NUCLEI] {"duration":"0:29:00","errors":"538","hosts":"100","matched":"0","percent":"17","requests":"146186","rps":"84","startedAt":"2026-04-09T14:39:57.48134+05:45","templates":"3915","total":"854000"}
2026-04-09 15:09:00 [DEBUG   ] easm-aegis: [NUCLEI] {"duration":"0:04:20","errors":"189","hosts":"2","matched":"0","percent":"97","requests":"16713","rps":"64","startedAt":"2026-04-09T15:04:40.1006119+05:45","templates":"3915","total":"17080"}
2026-04-09 15:09:02 [DEBUG   ] easm-aegis: [NUCLEI] {"duration":"0:04:22","errors":"189","hosts":"2","matched":"0","percent":"97","requests":"16713","rps":"63","startedAt":"2026-04-09T15:04:40.1006119+05:45","templates":"3915","total":"17080"}
2026-04-09 15:09:02 [DEBUG   ] easm-aegis: [NUCLEI] {"duration":"0:04:22","errors":"189","hosts":"2","matched":"0","percent":"97","requests":"16713","rps":"63","startedAt":"2026-04-09T15:04:40.1006119+05:45","templates":"3915","total":"17080"}
2026-04-09 15:09:02 [DEBUG   ] easm-aegis: [NUCLEI] {"duration":"0:29:05","errors":"538","hosts":"100","matched":"0","percent":"17","requests":"146519","rps":"83","startedAt":"2026-04-09T14:39:57.48134+05:45","templates":"3915","total":"854000"}
2026-04-09 15:09:06 [INFO    ] easm-aegis: [NUCLEI] Completed (exit code: 0)
2026-04-09 15:09:06 [DEBUG   ] easm-aegis: Raw output: 0 bytes, 0 lines
2026-04-09 15:09:06 [INFO    ] easm-aegis: Nuclei scan complete [broad (all)]: 0 vulnerabilities
2026-04-09 15:09:06 [INFO    ] easm-aegis: Breakdown: Critical=0, High=0, Medium=0, Low=0, Info=0
2026-04-09 15:09:06 [INFO    ] easm-aegis: Phase 4 complete: 0 vulns (1A: 0 confirmed, 1B: 0 tech, 2A: 0 port, 2B: 0 header, 2C: 0 broad, 2C-NET: 0 network)
2026-04-09 15:09:06 [INFO    ] easm-aegis: First scan — skipping change detection
2026-04-09 15:09:06 [INFO    ] easm-aegis: Phase 5 complete: 0 changes
2026-04-09 15:09:06 [INFO    ] easm-aegis: Risk score: 0/100 (vulns: 0 [C:0 H:0 M:0 L:0], exposure: 0, email: 0, whois: 0) [1 subs, 4 ports, 0/0 breached emails, 0 whois flags]
2026-04-09 15:09:06 [INFO    ] easm-aegis: Phase 6 complete: Risk score 0/100
2026-04-09 15:09:06 [INFO    ] easm-aegis: ============================================================
2026-04-09 15:09:06 [INFO    ] easm-aegis: Scan partial for kebalbadal.com.np
2026-04-09 15:09:06 [INFO    ] easm-aegis: Subs: 1 | Ports: 4 | HTTP: 1 | Vulns: 0
2026-04-09 15:09:06 [INFO    ] easm-aegis: Passive: 0 Shodan CVEs, 0 Censys services
2026-04-09 15:09:06 [INFO    ] easm-aegis: Changes: 0 | Risk: 0/100
2026-04-09 15:09:06 [INFO    ] easm-aegis: ============================================================
2026-04-09 15:09:07 [DEBUG   ] easm-aegis: [NUCLEI] {"duration":"0:29:10","errors":"538","hosts":"100","matched":"0","percent":"17","requests":"146895","rps":"83","startedAt":"2026-04-09T14:39:57.48134+05:45","templates":"3915","total":"854000"}
2026-04-09 15:09:12 [DEBUG   ] easm-aegis: [NUCLEI] {"duration":"0:29:15","errors":"538","hosts":"100","matched":"0","percent":"17","requests":"147237","rps":"83","startedAt":"2026-04-09T14:39:57.48134+05:45","templates":"3915","total":"854000"}
2026-04-09 15:09:17 [DEBUG   ] easm-aegis: [NUCLEI] {"duration":"0:29:20","errors":"538","hosts":"100","matched":"0","percent":"17","requests":"147569","rps":"83","startedAt":"2026-04-09T14:39:57.48134+05:45","templates":"3915","total":"854000"}
2026-04-09 15:09:22 [DEBUG   ] easm-aegis: [NUCLEI] {"duration":"0:29:25","errors":"538","hosts":"100","matched":"0","percent":"17","requests":"147930","rps":"83","startedAt":"2026-04-09T14:39:57.48134+05:45","templates":"3915","total":"854000"}
2026-04-09 15:09:27 [DEBUG   ] easm-aegis: [NUCLEI] {"duration":"0:29:30","errors":"538","hosts":"100","matched":"0","percent":"17","requests":"148282","rps":"83","startedAt":"2026-04-09T14:39:57.48134+05:45","templates":"3915","total":"854000"}
2026-04-09 15:09:32 [DEBUG   ] easm-aegis: [NUCLEI] {"duration":"0:29:35","errors":"538","hosts":"100","matched":"0","percent":"17","requests":"148664","rps":"83","startedAt":"2026-04-09T14:39:57.48134+05:45","templates":"3915","total":"854000"}
2026-04-09 15:09:37 [DEBUG   ] easm-aegis: [NUCLEI] {"duration":"0:29:40","errors":"538","hosts":"100","matched":"0","percent":"17","requests":"149034","rps":"83","startedAt":"2026-04-09T14:39:57.48134+05:45","templates":"3915","total":"854000"}
2026-04-09 15:09:42 [DEBUG   ] easm-aegis: [NUCLEI] {"duration":"0:29:45","errors":"538","hosts":"100","matched":"0","percent":"17","requests":"149362","rps":"83","startedAt":"2026-04-09T14:39:57.48134+05:45","templates":"3915","total":"854000"}
2026-04-09 15:09:43 [DEBUG   ] easm-aegis: [NUCLEI] {"duration":"0:29:46","errors":"538","hosts":"100","matched":"0","percent":"17","requests":"149381","rps":"83","startedAt":"2026-04-09T14:39:57.48134+05:45","templates":"3915","total":"854000"}
2026-04-09 17:04:44 [INFO    ] easm-aegis: MongoDB connected: mongodb://localhost:27017
2026-04-09 17:04:44 [INFO    ] easm-aegis: Database: easm_db
2026-04-09 17:04:44 [INFO    ] easm-aegis: MongoDB connection is alive
2026-04-09 17:04:44 [DEBUG   ] easm-aegis: targets indexes created
2026-04-09 17:04:44 [DEBUG   ] easm-aegis: subdomains indexes created
2026-04-09 17:04:44 [DEBUG   ] easm-aegis: ports_services indexes created
2026-04-09 17:04:44 [DEBUG   ] easm-aegis: http_assets indexes created
2026-04-09 17:04:44 [DEBUG   ] easm-aegis: vulnerabilities indexes created
2026-04-09 17:04:44 [DEBUG   ] easm-aegis: changes indexes created
2026-04-09 17:04:44 [DEBUG   ] easm-aegis: scan_history indexes created
2026-04-09 17:04:44 [DEBUG   ] easm-aegis: email_exposures indexes created
2026-04-09 17:04:44 [DEBUG   ] easm-aegis: passive_recon indexes created
2026-04-09 17:04:44 [INFO    ] easm-aegis: All 9 collections initialized successfully
2026-04-09 17:04:44 [INFO    ] easm-aegis: Application initialized
2026-04-09 17:04:44 [INFO    ] easm-aegis: Reports directory ready
2026-04-09 17:04:44 [INFO    ] easm-aegis: Starting AEGIS on port 5000 (debug=True)
2026-04-09 17:04:55 [INFO    ] easm-aegis: Generating remediation plan for servicenow.com
2026-04-09 17:04:55 [INFO    ] easm-aegis: Plan generated: 2 items (KEV: 0, CVE: 0)
2026-04-09 17:04:55 [INFO    ] easm-aegis: Priority breakdown: {'fix_immediately': 0, 'fix_this_week': 0, 'fix_this_month': 0, 'fix_next_quarter': 0, 'informational': 2}
2026-04-09 17:07:42 [INFO    ] easm-aegis: Generating remediation plan for servicenow.com
2026-04-09 17:07:42 [INFO    ] easm-aegis: Plan generated: 2 items (KEV: 0, CVE: 0)
2026-04-09 17:07:42 [INFO    ] easm-aegis: Priority breakdown: {'fix_immediately': 0, 'fix_this_week': 0, 'fix_this_month': 0, 'fix_next_quarter': 0, 'informational': 2}
2026-04-09 17:10:23 [INFO    ] easm-aegis: Generating remediation plan for servicenow.com
2026-04-09 17:10:23 [INFO    ] easm-aegis: Plan generated: 2 items (KEV: 0, CVE: 0)
2026-04-09 17:10:23 [INFO    ] easm-aegis: Priority breakdown: {'fix_immediately': 0, 'fix_this_week': 0, 'fix_this_month': 0, 'fix_next_quarter': 0, 'informational': 2}
